{
  "microservices": [
    {
      "microservice": {
        "default": [
          {
            "service": [
              {
                "className": "com.rafsan.inventory.controller.employee.EmployeeController"
              }
            ]
          }
        ]
      }
    },
    {
      "microservice": {
        "default": [
          {
            "service": [
              {
                "className": "com.rafsan.inventory.controller.category.EditController"
              },
              {
                "className": "com.rafsan.inventory.entity.Supplier"
              }
            ]
          }
        ]
      }
    },
    {
      "microservice": {
        "default": [
          {
            "service": [
              {
                "className": "com.rafsan.inventory.controller.pos.InvoiceController"
              },
              {
                "className": "com.rafsan.inventory.controller.pos.PosController"
              }
            ]
          }
        ]
      }
    },
    {
      "microservice": {
        "default": [
          {
            "service": [
              {
                "className": "com.rafsan.inventory.controller.product.EditController"
              },
              {
                "className": "com.rafsan.inventory.controller.report.ReportController"
              },
              {
                "className": "com.rafsan.inventory.controller.supplier.AddController"
              },
              {
                "className": "com.rafsan.inventory.entity.Product"
              }
            ]
          }
        ]
      }
    },
    {
      "microservice": {
        "default": [
          {
            "service": [
              {
                "className": "com.rafsan.inventory.controller.supplier.EditController"
              }
            ]
          }
        ]
      }
    },
    {
      "microservice": {
        "default": [
          {
            "service": [
              {
                "className": "com.rafsan.inventory.entity.Employee"
              }
            ]
          }
        ]
      }
    },
    {
      "microservice": {
        "default": [
          {
            "service": [
              {
                "className": "com.rafsan.inventory.controller.category.AddController"
              },
              {
                "className": "com.rafsan.inventory.controller.purchase.PurchaseController"
              },
              {
                "className": "com.rafsan.inventory.entity.Sale"
              },
              {
                "className": "com.rafsan.inventory.pdf.PrintInvoice"
              }
            ]
          }
        ]
      }
    },
    {
      "microservice": {
        "default": [
          {
            "service": [
              {
                "className": "com.rafsan.inventory.HibernateUtil"
              },
              {
                "className": "com.rafsan.inventory.MainApp"
              },
              {
                "className": "com.rafsan.inventory.entity.Purchase"
              },
              {
                "className": "com.rafsan.inventory.model.CategoryModel"
              },
              {
                "className": "com.rafsan.inventory.model.EmployeeModel"
              },
              {
                "className": "com.rafsan.inventory.model.InvoiceModel"
              },
              {
                "className": "com.rafsan.inventory.model.ProductModel"
              },
              {
                "className": "com.rafsan.inventory.model.PurchaseModel"
              },
              {
                "className": "com.rafsan.inventory.model.SalesModel"
              },
              {
                "className": "com.rafsan.inventory.model.SupplierModel"
              }
            ]
          }
        ]
      }
    },
    {
      "microservice": {
        "default": [
          {
            "service": [
              {
                "className": "com.rafsan.inventory.controller.category.CategoryController"
              },
              {
                "className": "com.rafsan.inventory.controller.product.AddController"
              },
              {
                "className": "com.rafsan.inventory.controller.product.ProductController"
              },
              {
                "className": "com.rafsan.inventory.entity.Category"
              }
            ]
          }
        ]
      }
    },
    {
      "microservice": {
        "default": [
          {
            "service": [
              {
                "className": "com.rafsan.inventory.controller.employee.EditController"
              },
              {
                "className": "com.rafsan.inventory.controller.login.LoginController"
              },
              {
                "className": "com.rafsan.inventory.controller.purchase.AddController"
              }
            ]
          }
        ]
      }
    },
    {
      "microservice": {
        "default": [
          {
            "service": [
              {
                "className": "com.rafsan.inventory.controller.supplier.SupplierController"
              }
            ]
          }
        ]
      }
    },
    {
      "microservice": {
        "default": [
          {
            "service": [
              {
                "className": "com.rafsan.inventory.controller.admin.AdminController"
              },
              {
                "className": "com.rafsan.inventory.controller.sales.SalesController"
              },
              {
                "className": "com.rafsan.inventory.entity.Invoice"
              }
            ]
          }
        ]
      }
    },
    {
      "microservice": {
        "default": [
          {
            "service": [
              {
                "className": "com.rafsan.inventory.controller.employee.AddController"
              },
              {
                "className": "com.rafsan.inventory.controller.pos.ConfirmController"
              },
              {
                "className": "com.rafsan.inventory.entity.Payment"
              }
            ]
          }
        ]
      }
    },
    {
      "microservice": {
        "default": [
          {
            "service": [
              {
                "className": "com.rafsan.inventory.controller.report.ViewController"
              },
              {
                "className": "com.rafsan.inventory.entity.Item"
              }
            ]
          }
        ]
      }
    }
  ]
}