name,classes,controllers,size,stars,forks,language,subscribers,open_issues,user,repo,gpt_Clustering_Method,gpt_CHM,gpt_CHD,gpt_IFN,gpt_CMQ,gpt_ccoh,gpt_ccop,gpt_SMQ,gpt_scoh,gpt_scop,gpt_SERVICES,gpt_time,o_Clustering_Method,o_CHM,o_CHD,o_IFN,o_CMQ,o_ccoh,o_ccop,o_SMQ,o_scoh,o_scop,o_SERVICES,o_time,Clustering_Method,W_CHM,W_CHD,W_IFN,W_CMQ,W_ccoh,W_ccop,W_SMQ,W_scoh,W_scop,W_SERVICES,W_time,t_CHM,t_CHD,t_IFN,t_CMQ,t_ccoh,t_ccop,t_SMQ,t_scoh,t_scop,t_SERVICES,t_clustering_names,t_time
huanglu20124/invoice,73,12,78906,95,55,Java,11,2,huanglu20124,invoice,KMeans_34,0.875,0.75,1,0.7613670294,0.7614845938,1.18E-04,0.084017698,0.2067927171,0.1227750191,34,288.73,KMeans_32,0.875,0.75,1,0.7165447234,0.7166666667,1.22E-04,0.083574149,0.221875,0.1383008513,32,65.33,KMeans_35,0.875,0.75,1,0.680856343,0.680952381,9.60E-05,-0.136619981,0.165714286,0.302334267,KMeans_35,39.14,0.932358512,0.365675134,1,0.387590832,0.388866342,0.00127551,0.244368067,0.313906926,0.06953886,8,L,24.6
Lab41/Dendrite,101,17,6344,92,25,JavaScript,13,18,Lab41,Dendrite,KMeans_39,0.8265151515,0.8333258177,1.181818182,0.7717920943,0.7719468984,1.55E-04,0.1254302289,0.1431929182,0.017762689,39,367.74,KMeans_48,0.7641203704,0.7711162551,1.083333333,0.7837201213,0.7838293651,1.09E-04,0.1363322674,0.1721230159,0.035790748,48,93.66,KMeans_48,0.772979798,0.810914703,1.181818182,0.808091874,0.808234127,0.000142253,-0.04337182,0.107638889,0.151010709,KMeans_48,55.06,0.605226427,0.468580964,4.333333333,-0.151046699,0.182286634,0.333333333,0.027345008,0.108011272,0.080666264,3,L,24.72
pibigstar/parsevip,90,17,17399,87,28,Java,3,0,pibigstar,parsevip,KMeans_37,0.875,0.6987231518,1,0.9098377657,0.9099099099,7.21E-05,0.1883133133,0.2162162162,0.0279029029,37,250.68,KMeans_39,0.875,0.6987231518,1,0.9401090185,0.9401709402,6.19E-05,0.150359874,0.1794871795,0.02912730544,39,68.76,KMeans_45,0.875,0.698723152,1,0.959950005,0.96,5.00E-05,0.014949495,0.046666667,0.031717172,KMeans_45,33.62,0.851923077,0.42348677,1.230769231,0.401528258,0.401960784,0.000432526,0.418535539,0.419607843,0.001072304,17,L,23.4
OCR4all/OCR4all,47,18,3648,86,15,JavaScript,22,13,OCR4all,OCR4all,KMeans_23,0.8294353618,0.9609115859,1,0.676800212,0.6786749482,0.001874736,0.3365832235,0.4074534161,0.070870193,23,305.66,KMeans_23,0.8294353618,0.9609115859,1,0.6821832346,0.684057971,0.001874736,0.3373847167,0.4086956522,0.071310935,23,77.03,KMeans_20,0.829435362,0.960911586,1,0.705632173,0.708928571,0.003296399,0.366245301,0.44125,0.075004699,KMeans_20,47.31,0.83301312,0.84709253,2.833333333,0.435276481,0.448609814,0.013333333,0.305459591,0.317187986,0.011728395,6,L,24.62
Vino007/javaEEScaffold,45,21,7221,84,53,JavaScript,14,2,Vino007,javaEEScaffold,KMeans_16,0.7166666667,0.7714285714,1,0.8254166667,0.8270833333,0.001666667,0.1036458333,0.1916666667,0.088020833,16,154.32,KMeans_21,0.7166666667,0.7714285714,1,0.903922902,0.9047619048,0.000839002,-0.00515873,0.1666666667,0.1718253968,21,43.87,KMeans_20,0.669444444,0.733333333,1.166666667,0.782280702,0.783333333,0.001052632,-0.310197368,0.041666667,0.351864035,KMeans_20,27.11,0.845916876,0.642610314,1.75,0.402197802,0.513308913,0.111111111,0.084371184,0.096336996,0.011965812,3,L,23.31
GdeiAssistant/GdeiAssistant,455,84,18586,79,38,Java,7,0,GdeiAssistant,GdeiAssistant,KMeans_77,0.7870940847,0.919705003,1.315789474,0.5594702622,0.5594917538,2.15E-05,0.2824026092,0.2880126329,0.005610024,77,1367.54,KMeans_79,0.7628904429,0.911986825,1.363636364,0.5700665275,0.5700890715,2.25E-05,0.2925473095,0.2994466929,0.006899383,79,324.01,KMeans_79,0.790311012,0.914397065,1.293103448,0.511002788,0.511026175,2.34E-05,0.304709955,0.318010576,0.013300621,KMeans_79,148.51,0.751601695,0.740504514,2.027027027,0.453774236,0.454097066,0.000322831,0.229173677,0.23180812,0.002634443,33,L,28.8
JoeyBling/bootplus,150,13,40245,58,23,JavaScript,3,0,JoeyBling,bootplus,KMeans_74,0.6814574315,0.3823376623,1,0.9189069936,0.918918919,1.19E-05,0.1296741947,0.1599099099,0.03023571517,74,402.28,KMeans_53,0.6814574315,0.3823376623,1,0.7938661616,0.7938903863,2.42E-05,0.2524310595,0.2750224618,0.022591402,53,102.65,KMeans_68,0.681457431,0.382337662,1,0.879880763,0.879901961,2.12E-05,0.079675154,0.132352941,0.052677788,KMeans_68,64.03,0.707044014,0.213889626,1.571428571,0.720265754,0.720328245,6.25E-05,0.226061922,0.229903285,0.003841363,23,L,25.5
forTribeforXuanmo/sword-forum,79,12,9186,57,29,JavaScript,1,4,forTribeforXuanmo,sword-forum,KMeans_39,0.6904761905,0.4761904762,1,0.8461101368,0.8461538462,4.37E-05,-0.115272155,0.08974359,0.2050157445,39,242.07,KMeans_32,0.6904761905,0.4761904762,1,0.656176834,0.65625,7.32E-05,0.041498656,0.1875,0.1460013441,32,57.1,KMeans_39,0.69047619,0.476190476,1,0.794829907,0.794871795,4.19E-05,-0.178475034,0.051282051,0.229757085,KMeans_39,33.87,0.743324563,0.231156236,1.75,0.054927426,0.084927426,0.03,0.103886873,0.205457729,0.101570856,5,L,23.84
superman544/JavaOJSystem,192,20,6748,47,25,JavaScript,4,2,superman544,JavaOJSystem,KMeans_70,0.3736243386,0.827422,1.2,0.7282833953,0.728310658,2.73E-05,0.2207505587,0.2335487528,0.01279819416,70,646.26,KMeans_79,0.3777529762,0.8128333451,1.125,0.747448128,0.7474683544,2.02E-05,0.2001656659,0.214416315,0.01425064914,79,160.23,KMeans_75,0.413227513,0.832453861,1,0.787820036,0.787851852,3.18E-05,0.17775025,0.222,0.04424975,KMeans_75,110.91,0.509026574,0.427907406,2.571428571,0.298816736,0.303408104,0.004591368,0.202669412,0.207005601,0.004336189,12,L,25.33
iminto/baicai,84,12,23464,41,29,HTML,8,0,iminto,baicai,KMeans_22,0.95,0.4,1,0.9089222466,0.9090909091,0.000168663,-0.001443001,0.1136363636,0.1150793651,22,150.62,KMeans_19,0.95,0.4,1,0.8068807496,0.8070175439,0.000136794,0.05994152047,0.1842105263,0.1242690058,19,45.82,KMeans_19,0.95,0.4,1,0.824356212,0.824561404,0.000205191,0.109649123,0.184210526,0.074561404,KMeans_19,27.72,0.947474747,0.370707071,1.111111111,0.37755102,0.37755102,0,0.297902494,0.31037415,0.012471655,7,L,24.48
Jannchie/biliob_backend,200,22,1111,37,11,Java,0,4,Jannchie,biliob_backend,KMeans_77,0.6900966184,0.7766045549,1,0.7940107446,0.7940181031,7.36E-06,0.2837418529,0.2907910272,0.007049174,77,621.43,KMeans_73,0.6900966184,0.7766045549,1,0.7509809475,0.7509893455,8.40E-06,0.2902310058,0.299695586,0.00946458,73,144.79,KMeans_61,0.660858586,0.736147186,1.045454545,0.686615123,0.686633039,1.79E-05,0.307353967,0.329160457,0.02180649,KMeans_61,105.75,0.788305928,0.596064057,1.533333333,0.594421628,0.594605412,0.000183785,0.356970184,0.358088057,0.001117873,24,L,25.79
Lotharing/SDIMS,112,20,799,34,7,Java,0,6,Lotharing,SDIMS,KMeans_50,1,0.7000146199,1,0.75641877,0.7566666667,2.48E-04,0.1678826531,0.2316666667,0.063784014,50,338.22,KMeans_54,1,0.7000146199,1,0.8465163903,0.8467078189,1.91E-04,0.1047134224,0.1828703704,0.078156948,54,94.59,KMeans_56,1,0.685438596,1.052631579,0.940286024,0.94047619,0.000190167,-0.040719697,0.09077381,0.131493506,KMeans_56,54.42,0.949496658,0.288931853,2,0.238810705,0.338810705,0.1,0.091361297,0.123838725,0.032477428,5,L,23.99
kanban/kanban-app,140,12,1380,34,23,Java,9,5,kanban,kanban-app,KMeans_29,0.6385561037,0.921928924,1,0.8641622,0.864295666,1.33E-04,0.1546359531,0.1812335174,0.02659756431,29,318.49,KMeans_54,0.6385561037,0.921928924,1,0.944400494,0.9444444444,4.40E-05,0.067813883,0.1358024691,0.067988586,54,86.33,KMeans_70,0.638556104,0.921928924,1,0.98568668,0.985714286,2.76E-05,-0.123291925,0,0.123291925,KMeans_70,51.26,0.411368209,0.28964346,3,0.189569161,0.205442177,0.015873016,0.187724868,0.227777778,0.04005291,7,L,24.35
cloudfoundry-attic/login-server,133,23,7777,32,52,Java,77,3,cloudfoundry-attic,login-server,KMeans_40,0.8222222222,0.829657477,1,0.9749276792,0.975,7.23E-05,0.1036324786,0.1333333333,0.029700855,40,262.57,KMeans_42,0.8222222222,0.829657477,1,0.9681865211,0.9682539683,6.74E-05,0.087591947,0.119047619,0.031455672,42,68.4,KMeans_45,0.822222222,0.829657477,1,0.940677482,0.940740741,6.33E-05,0.045538721,0.077777778,0.032239057,KMeans_45,36.33,0.745076426,0.457142857,1,0.420163469,0.421052632,0.000889162,0.357927225,0.387719298,0.029792073,19,L,24.36
tangdu/smh2,111,25,92244,27,22,JavaScript,7,0,tangdu,smh2,KMeans_54,0.7009560939,0.879337232,1.222222222,0.8178504474,0.8179012346,5.08E-05,0.226783912,0.2561728395,0.029388928,54,388.36,KMeans_53,0.6926523606,0.879337232,1.222222222,0.8766726842,0.8767295597,5.69E-05,0.2153039832,0.2449685535,0.02966457023,53,112.3,KMeans_49,0.699484127,0.88781746,1.1,0.779380119,0.779478458,9.83E-05,0.20680587,0.256802721,0.049996851,KMeans_49,86.41,0.61174532,0.582036482,2.444444444,0.389767202,0.395940042,0.00617284,0.271115496,0.276058912,0.004943416,9,L,24.42
qiao-zhi/jwxt,595,76,25888,26,8,Java,7,2,qiao-zhi,jwxt,KMeans_76,0.5550003398,0.8116129897,1.631578947,0.3274555817,0.3276730025,0.000217421,0.2222833255,0.2224364379,0.000153112,76,2954.52,KMeans_77,0.5187838119,0.7451834116,2.48,0.326792315,0.3270094505,0.000217135,0.2508989948,0.2510312147,0.00013222,77,698.79,KMeans_73,0.563696669,0.745429322,1.512195122,0.284747633,0.284987411,0.000239778,0.194606688,0.196760482,0.002153794,KMeans_73,462.67,0.627591459,0.720548881,1.722222222,0.336224298,0.336485665,0.000261367,0.22658269,0.226763786,0.000181096,71,L,34.91
shuxianfeng/movision,886,80,33626,21,20,Java,2,0,shuxianfeng,movision,KMeans_74,0.9896631016,0.6077760175,8.875,0.5177115798,0.5177446143,3.30E-05,0.3170401003,0.318627871,0.001587771,74,2724.56,KMeans_77,0.9670400952,0.6471553288,10.14285714,0.5216438068,0.5216765115,3.27E-05,0.3294442531,0.3308060648,0.001361812,77,637.99,KMeans_72,0.94805179,0.453635142,4.4375,0.354105727,0.354129759,2.40E-05,0.201692707,0.226197181,0.024504474,KMeans_72,385.38,0.969817424,0.388683461,4.4375,0.440965572,0.44100359,3.80E-05,0.2171688,0.218734173,0.001565373,43,L,39.08
leluque/university-site-cms,254,23,35036,21,13,JavaScript,8,9,leluque,university-site-cms,KMeans_79,0.6509935897,0.827797515,1,0.8083127574,0.8083383564,2.56E-05,0.2237983292,0.2377687362,0.013970407,79,705.86,KMeans_76,0.6390364265,0.8181504067,1.111111111,0.7918441279,0.7918755221,3.14E-05,0.1898887729,0.2039317043,0.0140429314,76,160.79,KMeans_61,0.643630444,0.812384144,1.111111111,0.689479458,0.689531416,5.20E-05,0.230526509,0.258261775,0.027735265,KMeans_61,86.35,0.61224347,0.61273346,1.818181818,0.511192291,0.513136735,0.001944444,0.223447776,0.226309083,0.002861307,16,L,25.03
ghostxbh/uzy-ssm-mall,89,19,10103,19,11,Java,1,0,ghostxbh,uzy-ssm-mall,KMeans_44,0.8091478697,0.7950447683,1.285714286,0.8392307956,0.8393939394,1.63E-04,0.2195002349,0.2757575758,0.056257341,44,324.69,KMeans_42,0.824093567,0.8087393146,1.2,0.7855281315,0.7857142857,1.86E-04,0.2568557233,0.3174603175,0.060604594,42,96.28,KMeans_39,0.76162465,0.741841943,1.5,0.801419827,0.801709402,0.000289575,0.123248426,0.221367521,0.098119096,KMeans_39,54.44,0.640299665,0.464090012,3.6,0.589422043,0.593866487,0.004444444,0.286812052,0.302374552,0.0155625,10,L,24.25
kai8406/cmop,237,34,17904,17,13,Java,8,1,kai8406,cmop,KMeans_78,0.7630070547,0.8058201058,1.259259259,0.7996071842,0.799632134,2.50E-05,0.1637181525,0.1892309258,0.02551277332,78,747.76,KMeans_75,0.7606450983,0.8154624227,1.259259259,0.7414474583,0.7414814815,3.40E-05,0.1909830904,0.2253063973,0.034323307,75,177.82,KMeans_76,0.717532468,0.75638929,1.259259259,0.709327239,0.709385965,5.87E-05,0.058642675,0.23377193,0.175129255,KMeans_76,142.45,0.691294133,0.391218547,2.266666667,0.451470717,0.456521222,0.005050505,0.185839034,0.21094487,0.025105836,12,L,28.38
mozammel/mNet,148,21,2666,15,14,JavaScript,13,3,mozammel,mNet,KMeans_66,0.6622635081,0.764405193,1,0.951991295,0.952020202,2.89E-05,0.1600265475,0.1944444444,0.034417897,66,407.05,KMeans_64,0.6622635081,0.764405193,1,0.8984050217,0.8984375,3.25E-05,0.208901703,0.2330729167,0.02417121362,64,107.58,KMeans_72,0.662263508,0.764405193,1,0.902748542,0.902777778,2.92E-05,0.013731308,0.106481481,0.092750174,KMeans_72,72.68,0.664471439,0.474804796,1.285714286,0.411835704,0.413196248,0.001360544,0.255453535,0.26105905,0.005605515,15,L,24.34
easy-ware/api-manager,181,90,21297,15,7,Java,4,5,easy-ware,api-manager,KMeans_79,0.8397420635,0.9430555556,1,0.9045690831,0.9046413502,7.23E-05,0.1399369793,0.1898734177,0.049936438,79,516.01,KMeans_63,0.8397420635,0.9430555556,1,0.7919255867,0.7920634921,0.000137905,0.2477456335,0.2873015873,0.039555954,63,139.42,KMeans_67,0.839742063,0.943055556,1,0.845943732,0.846087743,0.000144011,0.176492709,0.236318408,0.059825699,KMeans_67,73.12,0.782669954,0.783214865,1.111111111,0.453370621,0.458162287,0.004791667,0.233887507,0.246687669,0.012800162,16,L,24.55
lvr1997/ershoujiaoyi,78,11,8678,14,7,Java,0,7,lvr1997,ershoujiaoyi,KMeans_39,0.8515037594,0.8316447368,1.1,0.9055785941,0.905982906,0.000404312,0.1711276053,0.2564102564,0.085282651,39,287.84,KMeans_39,0.8515037594,0.8316447368,1.1,0.8798701831,0.8803418803,0.000471697,0.1999550157,0.2863247863,0.086369771,39,83.88,KMeans_39,0.851503759,0.831644737,1.1,0.926902406,0.927350427,0.000448021,0.153283851,0.256410256,0.103126406,KMeans_39,43.59,0.706149843,0.637432331,2.2,0.592868394,0.598300493,0.005432099,0.294128089,0.310584291,0.016456202,10,L,23.84
GZzzhsmart/P2Pproj,275,42,98201,13,8,JavaScript,1,4,GZzzhsmart,P2Pproj,KMeans_72,0.5129590209,0.6618103554,1.057142857,0.6523768954,0.652408274,3.14E-05,0.370646394,0.3772157853,0.006569391,72,828.41,KMeans_78,0.512502684,0.6695344217,1.15625,0.6676539328,0.6676850927,3.12E-05,0.3955981889,0.4037642913,0.008166102,78,188.98,KMeans_71,0.515546051,0.671099073,1.088235294,0.631994644,0.632042254,4.76E-05,0.382974564,0.395875252,0.012900688,KMeans_71,95.04,0.520481803,0.423680339,3.363636364,0.511763582,0.512388582,0.000625,0.209697419,0.212423787,0.002726368,16,L,24.94
HIIT/dime-server,91,12,97425,13,7,Java,27,23,HIIT,dime-server,KMeans_44,0.5546173308,0.859835248,1,0.7840439773,0.7840909091,4.69E-05,0.1137024313,0.1507575758,0.037055144,44,339.97,KMeans_45,0.5546173308,0.859835248,1,0.699221508,0.6992592593,3.78E-05,0.1658122896,0.1918518519,0.02603956229,45,108.62,KMeans_43,0.554617331,0.859835248,1,0.736365431,0.736434109,6.87E-05,0.062753784,0.124031008,0.061277224,KMeans_43,49.25,0.27620373,0.545278807,2,0.155342454,0.161720005,0.006377551,0.156252599,0.175797667,0.019545068,8,L,24.33
doooyo/Weixin_Server,303,32,4538,13,11,Java,4,0,doooyo,Weixin_Server,KMeans_78,0.8644000129,0.8809700474,1.117647059,0.7307519321,0.7307692308,1.73E-05,0.2142544955,0.2566239316,0.042369436,78,529.73,KMeans_75,0.858965583,0.8718530329,1.1875,0.7310907232,0.7311111111,2.04E-05,0.2317067067,0.2733333333,0.04162662663,75,138.1,KMeans_79,0.865360774,0.884315208,1.055555556,0.684367222,0.684388186,2.10E-05,0.114818872,0.212236287,0.097417415,KMeans_79,100.41,0.800390389,0.805205836,3.166666667,0.27707648,0.279048867,0.001972387,0.282026678,0.290929237,0.008902559,13,L,26.1
fishstormX/fishmaple,173,21,5532,11,1,JavaScript,2,6,fishstormX,fishmaple,KMeans_74,0.8505668934,0.817888637,1,0.8252164526,0.8252252252,8.77E-06,0.162730882,0.1966216216,0.03389074006,74,545.87,KMeans_73,0.8505668934,0.817888637,1,0.7588948428,0.7589041096,9.27E-06,0.2161408126,0.2538812785,0.037740466,73,116.08,KMeans_61,0.850566893,0.817888637,1,0.649165398,0.649180328,1.49E-05,0.229892228,0.281420765,0.051528537,KMeans_61,67.73,0.749287155,0.549343576,1.105263158,0.379527724,0.37958153,5.38E-05,0.385982866,0.401406926,0.015424061,33,L,24.28
opendevstack/ods-provisioning-app,146,11,1516,11,15,Java,26,47,opendevstack,ods-provisioning-app,KMeans_57,0.4489583333,0.554672619,1,0.8317515018,0.8317738791,2.24E-05,0.2074631022,0.2322612086,0.024798106,57,439.18,KMeans_73,0.4489583333,0.554672619,1,0.8988745568,0.898891063,1.65E-05,0.1102436218,0.1516634051,0.04141978329,73,107.77,KMeans_40,0.448958333,0.554672619,1,0.644048793,0.644139194,9.04E-05,0.295400333,0.339583333,0.044183,KMeans_40,74.67,0.597740113,0.124405699,4,0.419601481,0.421080771,0.00147929,0.27144395,0.283360158,0.011916209,13,L,24.84
starqiu/RDMP1,60,30,24114,10,12,Java,5,0,starqiu,RDMP1,KMeans_17,0.6,0.6542857143,1,0.7441789216,0.7450980392,0.000919118,0.065563725,0.2352941176,0.1697303922,17,144.92,KMeans_16,0.6,0.6542857143,1,0.6864583333,0.6875,0.001041667,0.1814814815,0.28125,0.099768519,16,43.13,KMeans_22,0.833333333,0.567857143,1.25,0.908566181,0.909090909,0.000524728,-0.131493506,0.068181818,0.199675325,KMeans_22,26.22,0.963076923,0.432472527,1.25,0.38,0.388888889,0.008888889,0.154960317,0.259126984,0.104166667,6,L,23.1
yorkmass/Yark-AdminMS,69,12,41214,9,0,JavaScript,1,1,yorkmass,Yark-AdminMS,KMeans_34,0.6196428571,0.6684719404,1,0.8528140798,0.8529411765,0.000127097,0.1218805704,0.1911764706,0.0692959,34,227.83,KMeans_31,0.6196428571,0.6684719404,1,0.8277951208,0.8279569892,0.000161868,0.1084229391,0.1801075269,0.071684588,31,54.24,KMeans_32,0.619642857,0.66847194,1,0.791463428,0.791666667,0.000203239,-0.041078629,0.119791667,0.160870296,KMeans_32,31.69,0.560415208,0.396056054,1.5,0.240846561,0.271957672,0.031111111,0.175468923,0.2001628,0.024693878,6,L,23.27
768330962/poet_ready_system,57,14,1629,8,5,HTML,0,3,768330962,poet_ready_system,KMeans_16,0.9404761905,0.4718514359,1,0.9234027778,0.9270833333,0.003680556,0.2779513889,0.3229166667,0.044965278,16,248.13,KMeans_15,0.9404761905,0.4718514359,1,0.8843537415,0.888888889,0.004535147,0.3091269841,0.3388888889,0.029761905,15,61.3,KMeans_21,0.928205128,0.423959666,1.076923077,0.857301587,0.858730159,0.001428571,0.178859127,0.248412698,0.069553571,KMeans_21,35.59,0.957065741,0.399658706,2,0.627690563,0.657169021,0.029478458,0.28277231,0.303126635,0.020354325,7,L,23.48
suyeq/steamMall,120,13,6524,8,2,CSS,2,2,suyeq,steamMall,KMeans_56,0.9779411765,0.6707875992,1,0.8106510373,0.8107142857,6.32E-05,0.1573935786,0.1922619048,0.03486832612,56,419.7,KMeans_60,0.9779411765,0.6707875992,1,0.8088323917,0.808888889,5.65E-05,0.1755590866,0.2208333333,0.045274247,60,112.29,KMeans_59,0.977941176,0.670787599,1,0.750780165,0.750847458,6.73E-05,0.147597247,0.21920904,0.071611793,KMeans_59,74.98,0.942179054,0.577609067,1.5,0.730532923,0.731432456,0.000899533,0.1359592,0.146046043,0.010086843,22,L,24.14
zlren/noah-health,86,12,320,8,6,Java,3,0,zlren,noah-health,KMeans_28,0.9060737243,0.9674718219,1,0.859068895,0.8595238095,0.000454914,0.1565255732,0.2654761905,0.1089506173,28,245.49,KMeans_29,0.9060737243,0.9674718219,1,0.8639734848,0.864367816,0.000394331,0.1769396552,0.2735632184,0.096623563,29,76.53,KMeans_16,0.906073724,0.967471822,1,6.51E-01,0.654166667,0.002777778,0.195949074,0.333333333,0.137384259,KMeans_16,40.2,0.861823593,0.943909117,1.375,0.44600551,0.45261708,0.00661157,0.011239669,0.345552932,0.334313262,11,L,23.81
khasang/delivery,218,11,7443,6,6,Java,8,5,khasang,delivery,KMeans_59,0.7976984127,0.7792640693,1,0.8536833192,0.8537147451,3.14E-05,0.2741735065,0.2767256202,0.002552114,59,690.22,KMeans_70,0.7976984127,0.7792640693,1,0.8938238525,0.893845285,2.14E-05,0.2536818496,0.257287785,0.003605935,70,136.8,KMeans_47,0.797698413,0.779264069,1,0.793991175,0.794050222,5.90E-05,0.306025776,0.311917977,0.005892201,KMeans_47,90.88,0.702970969,0.793943191,1.25,0.692389161,0.692901784,0.000512623,0.200044206,0.200086876,4.27E-05,18,L,23.72
TexnologiaLogismikou/Fiz,199,18,1160,6,0,Java,5,3,TexnologiaLogismikou,Fiz,KMeans_51,0.7284090909,0.731845238,1,0.9462785083,0.9464052288,0.00012672,0.1207215686,0.1941176471,0.073396078,51,407.08,KMeans_52,0.7284090909,0.731845238,1,0.9588634549,0.958974359,0.000110904,0.1129399196,0.1871794872,0.074239568,52,98.96,KMeans_38,0.728409091,0.731845238,1,0.889778594,0.890037594,0.000259,0.221923404,0.255482456,0.033559052,KMeans_38,50.84,0.592857143,0.65228647,1.6,0.822594649,0.823438281,0.000843631,0.260185778,0.268715642,0.008529864,23,L,24.82
wang007/live-server,238,23,6130,6,5,JavaScript,4,0,wang007,live-server,KMeans_78,0.6887755102,0.760891634,1.047619048,0.7778047848,0.7778388278,3.40E-05,0.2562050231,0.2668709496,0.01066592646,78,721.8,KMeans_79,0.706547619,0.7789362159,1.1,0.7534228186,0.7534558971,3.31E-05,0.2445597483,0.258077155,0.01351740657,79,160.34,KMeans_71,0.678030303,0.742962635,1,0.627251013,0.62730931,5.83E-05,0.328920028,0.345506372,0.016586343,KMeans_71,114.86,0.678272594,0.37150024,3.142857143,0.488276369,0.489591294,0.001314924,0.153410354,0.155446343,0.002035989,13,L,25.51
zxwgdft/paladin-boot,328,17,97803,6,0,JavaScript,1,0,zxwgdft,paladin-boot,KMeans_72,0.1858630952,0.539937642,1,0.6685693066,0.6685786436,9.34E-06,0.3509414229,0.3575767597,0.006635337,72,862.16,KMeans_75,0.1858630952,0.539937642,1,0.674632237,0.6746432749,1.10E-05,0.3462676884,0.3549615706,0.008693882,75,180.57,KMeans_75,0.185863095,0.539937642,1,0.71124978,0.711259259,9.48E-06,0.322001587,0.334724868,0.01272328,KMeans_75,119.55,0.345487286,0.244814373,1.6,0.539905946,0.539964077,5.81E-05,0.316245632,0.318125663,0.001880031,30,L,26.69
shenshaoming/byte_easy,55,12,13225,5,4,JavaScript,1,0,shenshaoming,byte_easy,KMeans_15,0.6857142857,0.9087868481,1,0.837188209,0.84,0.002811791,0.2493650794,0.3166666667,0.067301587,15,185.69,KMeans_19,0.6857142857,0.9087868481,1,0.910160391,0.9122807018,0.002120311,0.1452241715,0.2368421053,0.091617934,19,43.29,KMeans_14,0.685714286,0.908786848,1,8.92E-01,0.895238095,0.002898201,0.140201465,0.236904762,0.096703297,KMeans_14,27.56,0.378491508,0.586681652,1.4,0.684444444,0.711111111,0.026666667,0.299113757,0.31494709,0.015833333,6,L,23.59
nimble-platform/business-process-service,222,47,2798,5,3,Java,5,16,nimble-platform,business-process-service,KMeans_77,0.7435714286,0.6973624339,1.08,0.888250533,0.8882870917,3.66E-05,0.062774641,0.1545061,0.091731459,77,574.98,KMeans_79,0.7630494505,0.7282331095,1.038461538,0.8729614379,0.8729957806,3.43E-05,0.086898419,0.1581223629,0.071223944,79,153.88,KMeans_77,0.74537037,0.734330296,1,0.87225209,0.872294372,4.23E-05,-0.019503372,0.121212121,0.140715493,KMeans_77,136.23,0.785464487,0.559775508,1.928571429,0.331220095,0.332956206,0.001736111,0.249926996,0.271232644,0.021305648,16,L,28.45
codemky/uni,615,89,1444,5,0,Java,2,2,codemky,uni,KMeans_73,0.6622210832,0.967557736,2.179487179,0.2780904975,0.278452047,0.00036155,0.2078044109,0.2082467051,0.000442294,73,3204.26,KMeans_76,0.6894379994,0.9921079042,3.863636364,0.287644583,0.2879785935,0.00033401,0.2151665639,0.2157500634,0.0005835,76,783.16,KMeans_74,0.764911307,0.963751513,5,0.404428285,0.404714082,0.000285796,0.174948464,0.18798009,0.013031626,KMeans_74,676.32,0.505514335,0.294770224,2.125,0.276641412,0.276992163,0.000350751,0.203250808,0.203537654,0.000286846,75,L,37.93
aramsoft/aramcomp,345,72,21307,5,5,Java,1,1,aramsoft,aramcomp,KMeans_78,0.6814412464,0.92349257,1.101694915,0.5672083661,0.5673382173,0.000129851,0.3269930466,0.3420940171,0.01510097046,78,1066.83,KMeans_79,0.6754699269,0.9183420588,1.120689655,0.5655565658,0.5656821378,0.000125572,0.3276589267,0.3470263211,0.01936739435,79,242.18,KMeans_75,0.672289257,0.913611162,1.203703704,0.538916098,0.539045049,0.000128951,0.312774857,0.35590232,0.043127463,KMeans_75,174.51,0.665521798,0.775718395,1.911764706,0.466606669,0.467193466,0.000586796,0.269440243,0.279731178,0.010290935,38,L,29.16
bao17634/Warehouse-system,76,13,1787,5,1,JavaScript,1,1,bao17634,Warehouse-system,KMeans_26,0.7822751323,0.8185704837,1,0.7368859961,0.7371794872,0.000293491,0.1948076923,0.2378205128,0.043012821,26,245.15,KMeans_33,0.7822751323,0.8185704837,1,0.7877137856,0.7878787879,0.000165002,0.1246843434,0.2070707071,0.082386364,33,83.05,KMeans_36,0.782275132,0.818570484,1,0.792464097,0.792592593,0.000128496,0.064365079,0.181944444,0.117579365,KMeans_36,40.23,0.709089726,0.474838201,1.5,0.427751323,0.43515873,0.007407407,0.208720238,0.245873016,0.037152778,10,L,24.26
shigenwang/membership,153,18,60199,5,7,Java,1,0,shigenwang,membership,KMeans_76,0.87,0.9495238095,1,0.5705236688,0.5706140351,9.04E-05,0.2750224172,0.2973684211,0.0223460039,76,635.9,KMeans_76,0.8698979592,0.9215257532,1.071428571,0.545449563,0.5455513784,1.02E-04,0.3136850459,0.3312969925,0.01761194653,76,167,KMeans_76,0.87,0.94952381,1,0.53649311,0.536591479,9.84E-05,0.327239522,0.349342105,0.022102583,KMeans_76,111.15,0.703931254,0.18481437,1.666666667,0.25198424,0.256469694,0.004485454,0.182462783,0.186681291,0.004218508,18,L,25.9
sfx478076717/goldenarches,56,11,18294,4,0,Java,0,0,sfx478076717,goldenarches,KMeans_28,0.837142857,0.9576530612,1,0.8210016517,0.8214285714,0.00042692,0.2568342152,0.3571428571,0.100308642,28,220.9,KMeans_23,0.8462962963,0.9600907029,1.111111111,0.7674754071,0.768115942,0.000640535,0.2996815986,0.3768115942,0.077129996,23,65.96,KMeans_24,0.837142857,0.957653061,1,0.777147658,0.777777778,0.00063012,0.241772343,0.353472222,0.111699879,KMeans_24,32.76,0.584097384,0.311493624,2.5,0.228837719,0.312171053,0.083333333,0.077419949,0.157392716,0.079972767,4,L,23.28
dp2-g56/Dp2-L02,245,40,1002,4,1,Java,2,0,dp2-g56,Dp2-L02,KMeans_78,0.7243545928,0.5330504291,1.636363636,0.6950142875,0.6951535644,0.000139277,0.22169812,0.2366883117,0.01499019164,78,682.12,KMeans_77,0.7632064695,0.5545117322,1.5,0.6931019968,0.6932075861,0.000105589,0.2308728585,0.2519738198,0.02110096132,77,171.02,KMeans_79,0.801075269,0.586825003,1.161290323,0.731269083,0.731327656,5.86E-05,0.049409678,0.247450976,0.198041298,KMeans_79,115.02,0.844077478,0.196264689,4,0.176979664,0.196112317,0.019132653,0.132593271,0.149120846,0.016527575,8,L,26.49
wangwang1230/te-empl,156,24,29367,4,5,Java,1,0,wangwang1230,te-empl,KMeans_76,0.8749007937,0.9683390023,1,0.907825916,0.9078947368,6.88E-05,0.1004385965,0.1710526316,0.070614035,76,368.8,KMeans_67,0.8749007937,0.9683390023,1,0.8307506504,0.8308457711,9.51E-05,0.1707623499,0.223880597,0.053118247,67,111.72,KMeans_78,0.850290152,0.955846101,1.333333333,0.903779953,0.903846154,6.62E-05,-0.035511711,0.088247863,0.123759574,KMeans_78,69.54,0.843281914,0.954157485,4,0.421648907,0.43950605,0.017857143,0.150100189,0.176491078,0.026390889,8,L,24.46
ElectiveTeam/elective_system,97,15,3692,4,0,JavaScript,1,0,ElectiveTeam,elective_system,KMeans_46,0.6789321789,0.9050482146,1.181818182,0.7150670961,0.7152173913,1.50E-04,0.2402608696,0.2561594203,0.015898551,46,355.9,KMeans_45,0.664021164,0.935920047,1.083333333,0.6722013789,0.6723809524,1.80E-04,0.2811223345,0.3061904762,0.02506814173,45,115.27,KMeans_42,0.63003663,0.918406593,1,0.579129014,0.579365079,0.000236065,0.275158085,0.321428571,0.046270487,KMeans_42,79.78,0.689277389,0.697836015,3.25,0.461662949,0.468935676,0.007272727,0.263250007,0.26732162,0.004071612,11,L,24.68
75193982/HyLMS,535,141,13852,4,6,Java,0,0,75193982,HyLMS,KMeans_79,0.8524449438,0.9771194821,1.348484848,0.592809446,0.5930161342,0.000206688,0.2968746495,0.3040458476,0.007171198,79,1555.88,KMeans_79,0.8520348113,0.9787182976,1.483333333,0.555963168,0.5561770197,0.000213852,0.3074231893,0.312746954,0.005323765,79,397.32,KMeans_77,0.856987482,0.976023666,1.435483871,0.504278696,0.504552014,0.000273317,0.262527657,0.285470194,0.022942536,KMeans_77,319.27,0.850917698,0.975047842,3.068965517,0.443567594,0.445667199,0.002099605,0.187993917,0.192451872,0.004457955,28,L,34.31
next-step/jwp-jdbc,117,16,2932,4,40,Java,7,1,next-step,jwp-jdbc,KMeans_27,1,1,1,0.925382099,0.9259259259,0.000543827,0.096509972,0.1296296296,0.033119658,27,173.12,KMeans_28,1,1,1,0.8922412586,0.8928571429,0.000615884,0.092592593,0.125,0.03240740741,28,45.27,KMeans_27,1,1,1,0.962532772,0.962962963,0.000430191,0.028846154,0.074074074,0.04522792,KMeans_27,27.15,0.958333333,0.833333333,1.333333333,0.701040564,0.703015873,0.001975309,0.189792769,0.193531746,0.003738977,10,L,23.02
KongZouXiang/TradeSteward,232,40,13484,4,1,JavaScript,1,1,KongZouXiang,TradeSteward,KMeans_73,0.6097458965,0.7048739852,1,0.7401450021,0.7401826484,3.76E-05,0.2945327034,0.3255707763,0.03103807289,73,597.07,KMeans_79,0.6097458965,0.7048739852,1,0.7316156515,0.7316455696,2.99E-05,0.2851793249,0.3082278481,0.023048523,79,148.1,KMeans_70,0.609745896,0.704873985,1,7.53E-01,0.753015873,4.70E-05,0.275588912,0.300396825,0.024807914,KMeans_70,106.3,0.596108978,0.293505153,1.777777778,0.518910296,0.520361543,0.001451247,0.226678435,0.228319033,0.001640597,21,L,25.66
skyisbule/nanfeng,71,13,5421,4,3,Java,0,2,skyisbule,nanfeng,KMeans_35,0.782051282,0.9230769231,1,0.5308212697,0.5314285714,0.000607302,0.311890756,0.32,0.008109244,35,377.5,KMeans_33,0.782051282,0.9230769231,1,0.5558661903,0.5565656566,0.000699466,0.309335543,0.3171717172,0.007836174,33,142.05,KMeans_34,0.782051282,0.923076923,1,0.418864327,0.419607843,0.000743516,0.422036542,0.425980392,0.00394385,KMeans_34,104.9,0.693162393,0.243467643,1,0.309696283,0.317859548,0.008163265,0.229995619,0.230548341,0.000552721,15,L,25.69
mingslife/LightCMS,103,17,7736,4,0,JavaScript,1,0,mingslife,LightCMS,KMeans_48,0.5961538462,0.7201465201,1,0.9512450644,0.9513888889,0.000143825,0.1171690307,0.1631944444,0.04602541371,48,274.62,KMeans_38,0.5961538462,0.7201465201,1,0.833068263,0.8333333333,0.00026507,0.2633949739,0.2850877193,0.02169274538,38,84.16,KMeans_37,0.596153846,0.72014652,1,0.797042538,0.797297297,0.000254759,0.152673507,0.198198198,0.045524691,KMeans_37,44.5,0.698272407,0.114333814,1.444444444,0.490326643,0.49759937,0.007272727,0.313085399,0.313715073,0.000629673,11,L,24.45
yaowuya/lprapm,105,26,57665,4,0,JavaScript,1,1,yaowuya,lprapm,KMeans_51,0.6248905432,0.6435260058,2.142857143,0.7874728181,0.7875816993,1.09E-04,0.2200599129,0.2475490196,0.02748910675,51,343.57,KMeans_47,0.6116854319,0.62325869,2.5,0.743832999,0.7439716312,1.39E-04,0.2344395621,0.2609929078,0.026553346,47,113.53,KMeans_50,0.626017665,0.741087963,1.25,0.653193392,0.653333333,0.000139942,0.234886621,0.271666667,0.036780045,KMeans_50,81.86,0.688288634,0.745491602,1.153846154,0.414280561,0.41489899,0.000618429,0.327464211,0.343867244,0.016403033,22,L,24.4
yShen868/ssm03,94,14,2169,4,1,JavaScript,1,5,yShen868,ssm03,KMeans_44,0.6086245104,0.7479940172,1,0.6739664207,0.6742424242,2.76E-04,0.27011393,0.3257575758,0.055643646,44,294.01,KMeans_46,0.6086245104,0.7479940172,1,0.6664491587,0.6666666667,2.18E-04,0.2821121846,0.3260869565,0.043974772,46,96.52,KMeans_42,0.60862451,0.747994017,1,7.34E-01,0.734126984,0.000267091,0.19018583,0.246031746,0.055845916,KMeans_42,47.1,0.466989389,0.537876759,1.75,0.520915073,0.529310134,0.008395062,0.241022803,0.245788028,0.004765225,10,L,24.12
dagilmore/Riddlin,51,12,25836,4,0,Java,1,0,dagilmore,Riddlin,KMeans_21,1,0.638888889,1,0.9042857143,0.9047619048,0.00047619,0.1652116402,0.2777777778,0.1125661376,21,177.58,KMeans_21,1,0.638888889,1,0.8344671202,0.834920635,0.000453515,0.2031084656,0.2492063492,0.0460978836,21,48.99,KMeans_12,1,0.638888889,1,0.784733701,0.786111111,0.00137741,0.278956229,0.323611111,0.044654882,KMeans_12,29.23,0.946296296,0.42962963,1.333333333,0.738321995,0.742857143,0.004535147,0.291071429,0.292261905,0.001190476,7,L,23.11
chenzhq/WsMonitor,246,16,4520,4,2,JavaScript,2,8,chenzhq,WsMonitor,KMeans_78,0.9212962963,0.7148809524,1.25,0.689392498,0.6894202203,2.77E-05,0.2531336465,0.260384006,0.007250359,78,783.8,KMeans_77,0.8222222222,0.6578571429,1.5,0.7616113681,0.761636831,2.55E-05,0.2113241436,0.2218797574,0.01055561383,77,206.66,KMeans_76,0.919444444,0.633333333,1.25,0.659975241,0.660012421,3.72E-05,0.237013296,0.271104845,0.034091549,KMeans_76,151.6,0.866614765,0.478570866,1.875,0.33499683,0.335512494,0.000515664,0.241622387,0.249924735,0.008302348,29,L,26.58
parkkyoung/f4mall,59,15,15349,4,0,JavaScript,0,0,parkkyoung,f4mall,KMeans_15,0.975,1,1.076923077,0.6919198791,0.6951851852,0.003265306,0.275842152,0.3061111111,0.03026895944,15,232.95,KMeans_17,0.9910714286,1,1,0.6655973664,0.6683006536,0.002703287,0.2721269063,0.321078431,0.048951525,17,65.49,KMeans_25,0.991071429,1,1,0.660666667,0.661333333,0.000666667,0.121194444,0.208,0.086805556,KMeans_25,31.32,0.85658046,0.852198787,1.4,0.517035147,0.53234127,0.015306122,0.329098462,0.335069444,0.005970982,8,L,23.3
zhouweiwei18/HospitalSystem,210,29,30769,3,8,JavaScript,1,5,zhouweiwei18,HospitalSystem,KMeans_79,0.518821675,0.788476874,1.272727273,0.4308919991,0.431002612,0.000110613,0.3519141041,0.3526012665,0.000687162,79,1068.07,KMeans_75,0.5409082761,0.7041515733,1.473684211,0.4598463132,0.4599707187,0.000124405,0.3113557604,0.3116738835,0.000318123,75,321.13,KMeans_78,0.502465986,0.918650794,1,0.378428432,0.378596318,0.000167886,0.310563139,0.311538462,0.000975323,KMeans_78,285.94,0.475578872,0.663411745,1.647058824,0.204589812,0.20674035,0.002150538,0.187212128,0.187316151,0.000104023,31,L,28.16
uq-eresearch/lorestore,85,11,2095,3,3,JavaScript,3,12,uq-eresearch,lorestore,KMeans_27,0.4583333333,0.25,1,0.7774855724,0.7777777778,0.000292205,0.1000712251,0.1851851852,0.08511396,27,173.51,KMeans_35,0.4583333333,0.25,1,0.942690488,0.9428571429,0.000166655,-0.09789916,0.028571429,0.1264705882,35,47.77,KMeans_36,0.458333333,0.25,1,0.97207357,0.972222222,0.000148652,-0.11031746,0.013888889,0.124206349,KMeans_36,29.49,0.744654882,0.03464591,1.333333333,0.238452709,0.241666667,0.003213958,0.32996633,0.408796296,0.078829966,12,L,23.66
isa-group/ideas-studio,115,20,9401,3,5,JavaScript,11,100,isa-group,ideas-studio,KMeans_49,0.768452381,0.6334935897,1,0.959124381,0.9591836735,5.93E-05,0.058956916,0.1326530612,0.073696145,49,252.25,KMeans_36,0.7978306878,0.6209116809,1.066666667,0.8795238095,0.8796296296,0.00010582,0.1664021164,0.2222222222,0.05582010582,36,89.62,KMeans_56,0.797830688,0.620911681,1.066666667,0.999957413,1,4.26E-05,-0.020698052,0.071428571,0.092126623,KMeans_56,41.72,0.739077961,0.203052476,2.666666667,0.448434343,0.457323232,0.008888889,0.241296296,0.262752525,0.021456229,6,L,24.17
smartcommunitylab/smartcampus.vas.corsi.web,65,13,1828,3,0,JavaScript,33,0,smartcommunitylab,smartcampus.vas.corsi.web,KMeans_31,0.5617216117,0.893627052,1,0.7189617297,0.7193548387,0.000393109,1.45E-01,2.76E-01,1.32E-01,31,266.69,KMeans_29,0.5617216117,0.893627052,1,0.7293875933,0.7298850575,0.000497464,1.39E-01,2.61E-01,1.23E-01,29,88.36,KMeans_31,0.561721612,0.893627052,1,0.655483871,0.655913978,0.000430108,0.131839904,0.260752688,0.128912784,KMeans_31,42.52,0.385117738,0.526837501,2.166666667,0.363224533,0.370877595,0.007653061,0.275067482,0.299604701,0.024537219,8,L,24.09
xiongzhenhai-zh/produce-project-managerment,113,14,2409,3,0,Java,0,0,xiongzhenhai-zh,produce-project-managerment,KMeans_48,0.7673412698,1,1,0.8366098599,0.8368055556,0.000195696,0.2216749163,0.2732638889,0.051588973,48,368.43,KMeans_39,0.7673412698,1,1,0.8303958797,0.8307692308,0.000373351,0.2597702054,0.2974358974,0.03766569201,39,139.12,KMeans_55,0.76734127,1,1,0.841650852,0.841818182,0.00016733,0.146694725,0.225757576,0.079062851,KMeans_55,102.86,0.737742504,0.973494583,1.111111111,0.553682137,0.568003124,0.014320988,0.207586664,0.220747953,0.013161289,10,L,24.31
XMFBee/AuthPlatform1,281,63,13445,3,0,JavaScript,0,0,XMFBee,AuthPlatform1,KMeans_74,0.5562850434,0.6945900328,1.276595745,0.7582958396,0.758402071,0.000106231,0.2354126323,0.2624202937,0.0270076614,74,791.87,KMeans_77,0.572854971,0.698518147,1.363636364,0.7220433175,0.7221510092,0.000107692,0.310601562,0.3305335357,0.019931974,77,215.27,KMeans_79,0.558364612,0.732351949,1.132075472,0.673754818,0.673884077,0.000129259,0.21122825,0.288607595,0.077379345,KMeans_79,179.89,0.621908156,0.646550918,1.935483871,0.465945448,0.469103343,0.003157895,0.182239289,0.193884982,0.011645692,20,L,28.22
scrumtracker/scrumtracker2017,44,13,69555,3,2,Java,5,1,scrumtracker,scrumtracker2017,KMeans_14,0.9233963007,0.8294375938,1,0.9522783078,0.9595238095,0.007245502,0.1329029304,0.2333333333,0.1004304029,14,168.1,KMeans_16,0.9233963007,0.8294375938,1,0.9729861111,0.9791666667,0.006180556,0.080671296,0.1979166667,0.1172453704,16,45.82,KMeans_12,0.859214595,0.752381525,1.571428571,0.854040404,0.866666667,0.012626263,0.03493266,0.236111111,0.201178451,KMeans_12,27.92,0.46026936,0.330826775,11,0.771960784,0.851960784,0.08,-0.685189724,0.173529412,0.858719136,5,L,22.87
danbaixidanbai/OCproject,77,15,1889,3,0,JavaScript,0,2,danbaixidanbai,OCproject,KMeans_38,1,0.4113306983,1,0.9383820071,0.9385964912,0.000214484,0.1724355935,0.2368421053,0.064406512,38,247.44,KMeans_38,1,0.4113306983,1,0.9208482646,0.9210526316,0.000204367,0.1559585902,0.2236842105,0.06772562,38,79.75,KMeans_35,1,0.411330698,1,0.90634748,0.906666667,0.000319186,0.121769374,0.194285714,0.07251634,KMeans_35,36.6,0.990740741,0.314769128,1.555555556,0.61186067,0.61957672,0.007716049,0.288589579,0.300428892,0.011839313,9,L,23.18
CrazyZhao/zblog,63,13,3603,3,1,HTML,1,0,CrazyZhao,zblog,KMeans_30,0.858974359,0.775030525,1,0.8327097371,0.8333333333,0.000623596,0.1631864623,0.25,0.086813538,30,220.04,KMeans_31,0.858974359,0.775030525,1,0.8166169499,0.8172043011,0.000587351,0.1446833931,0.2419354839,0.097252091,31,57.61,KMeans_30,0.858974359,0.775030525,1,0.865932091,0.866666667,0.000734575,0.089112388,0.222222222,0.133109834,KMeans_30,34.46,0.765188651,0.626448307,2.166666667,0.532536403,0.540800866,0.008264463,0.34106241,0.388474026,0.047411616,11,L,23.22
holagoldfish/H5APP-java,39,15,239,3,1,Java,0,0,holagoldfish,H5APP-java,KMeans_17,0.95,0.938095238,1,0.847505767,0.8490196078,0.001513841,0.146609477,0.2666666667,0.1200571895,17,172.39,KMeans_16,0.95,0.938095238,1,0.8377083333,0.8395833333,0.001875,0.1589583333,0.278125,0.1191666667,16,45.58,KMeans_17,0.95,0.938095238,1,0.782691753,0.784313725,0.001621972,0.026654412,0.200980392,0.17432598,KMeans_17,28.29,0.711111111,0.345079365,1,0.521904762,0.53968254,0.017777778,-0.007936508,0.255291005,0.263227513,6,L,23.06
orgqy88cckz/AccumulationFund,134,28,3919,3,0,JavaScript,0,0,orgqy88cckz,AccumulationFund,KMeans_61,1,0.2700494865,1,0.9698942936,0.9699453552,5.11E-05,0.4845286885,0.4846994536,0.000170765,61,465.34,KMeans_61,1,0.275691673,1.037037037,0.9698942936,0.9699453552,5.11E-05,0.4845286885,0.4846994536,0.000170765,61,133.93,KMeans_65,1,0.243014282,1.037037037,9.51E-01,0.950915751,4.02E-05,0.414051053,0.419047619,0.004996566,KMeans_65,63.03,0.99156746,0.203722956,1,0.953500552,0.953551913,5.14E-05,0.491678051,0.491803279,0.000125228,61,L,23.52
LiJiuRi/jie_you_ba,102,18,4748,3,1,Java,0,0,LiJiuRi,jie_you_ba,KMeans_42,0.7583333333,0.7777777778,1,0.8346009354,0.8349206349,0.0003197,0.331037876,0.3535714286,0.02253355272,42,322.61,KMeans_50,0.7583333333,0.7777777778,1,0.8831267527,0.8833333333,0.000206581,0.2967403628,0.3266666667,0.02992630385,50,142.12,KMeans_34,0.758333333,0.777777778,1,0.76200476,0.762745098,0.000740338,0.355390919,0.393627451,0.038236532,KMeans_34,49.29,0.589121989,0.367570763,1.636363636,0.501216793,0.507616986,0.006400193,0.286450256,0.292524737,0.006074481,14,L,23.28
RMHM/miniMap,83,12,17285,3,0,JavaScript,0,0,RMHM,miniMap,KMeans_33,0.7878639335,0.8253715375,1,0.7313972722,0.7316017316,0.000204459,0.2475967826,0.2738455988,0.02624881629,33,324.95,KMeans_34,0.7878639335,0.8253715375,1,0.702785483,0.7029411765,0.000155693,0.270694692,0.307843137,0.037148445,34,96.71,KMeans_41,0.787863933,0.825371538,1,0.877952112,0.87804878,9.67E-05,0.089126016,0.170731707,0.081605691,KMeans_41,46.63,0.791998503,0.408722509,1.833333333,0.340249614,0.351587482,0.011337868,0.296509266,0.300348002,0.003838736,7,L,24.36
nullcodeexecutor/pts,174,27,3020,2,0,JavaScript,1,0,nullcodeexecutor,pts,KMeans_76,0.9206349206,0.1919191919,1.19047619,0.772290243,0.7723684211,7.82E-05,0.3263333333,0.3353070175,0.008973684,76,721.03,KMeans_76,0.9242424242,0.2151515152,1.136363636,0.7358856263,0.7359649123,7.93E-05,0.3055445906,0.3192982456,0.01375365497,76,174.39,KMeans_77,0.916666667,0.236771562,1.25,0.594718644,0.594805195,8.66E-05,0.307559619,0.323376623,0.015817005,KMeans_77,109.3,0.972911362,0.092079443,3.125,0.349182426,0.353799232,0.004616805,0.196964324,0.198063035,0.001098711,19,L,25.15
YouAreOnlyOne/CommunityInformationForWeb,163,23,7163,2,1,JavaScript,2,0,YouAreOnlyOne,CommunityInformationForWeb,KMeans_79,0.5602321921,0.9067099567,1,0.8649491955,0.864978903,2.97E-05,0.1275086552,0.167721519,0.04021286379,79,389.72,KMeans_79,0.5602321921,0.9067099567,1,0.8767634361,0.8767932489,2.98E-05,0.1128178081,0.15021097,0.037393162,79,113.32,KMeans_71,0.560232192,0.906709957,1,0.902612959,0.902660407,4.74E-05,0.089939638,0.150234742,0.060295104,KMeans_71,69.38,0.468770292,0.475554538,2.75,0.538127209,0.538830064,0.000702855,0.216139949,0.222122322,0.005982373,17,L,25.39
gvSIGAssociation/gvsig-web,127,51,6145,2,0,JavaScript,13,0,gvSIGAssociation,gvsig-web,KMeans_36,0.6177322677,0.7891770687,1,0.8377639204,0.837962963,0.000199043,0.1528262787,0.2032407407,0.05041446208,36,273.28,KMeans_44,0.6177322677,0.7891770687,1,0.8483596971,0.8484848485,0.000125151,0.1254844961,0.1856060606,0.060121564,44,84.56,KMeans_61,0.617732268,0.789177069,1,0.983542954,0.983606557,6.36E-05,-0.088979964,0.032786885,0.121766849,KMeans_61,46.74,0.638775442,0.286579791,2.2,0.377963849,0.398372012,0.020408163,0.171135168,0.185650002,0.014514834,7,L,24.44
hongqiang/shopb2b,465,91,3060,2,1,Java,4,0,hongqiang,shopb2b,KMeans_78,0.4649211485,0.3027334148,2.444444444,0.6546551221,0.6546917156,3.66E-05,0.2257820621,0.231990506,0.006208444,78,1548.66,KMeans_76,0.4800603229,0.2818464593,2,0.5875838684,0.5876470262,6.32E-05,0.2147338925,0.2238865849,0.009152692,76,367.04,KMeans_68,0.499721575,0.251409393,1.725490196,0.587444963,0.587581205,0.000136242,0.193289965,0.231960983,0.038671018,KMeans_68,189.01,0.602249491,0.158512841,7.333333333,0.327751555,0.329673893,0.001922338,0.174741247,0.181767619,0.007026371,18,L,29.92
AaronSum/hotel-mgr-sys,498,31,5100,2,2,Java,1,0,AaronSum,hotel-mgr-sys,KMeans_73,0.5236594626,0.5489550302,4.5,0.2726227799,0.2728393911,0.000216611,0.301963451,0.3026372615,0.00067381,73,2066.64,KMeans_76,0.5637784719,0.6113064747,6.75,0.2695599562,0.2697724523,0.000212496,0.3120173257,0.3123712429,0.000353917,76,558.11,KMeans_72,0.540562482,0.599093495,1.8,0.268225355,0.268393574,0.000168219,0.237298887,0.249436415,0.012137528,KMeans_72,526.35,0.550742209,0.416578526,3.375,0.255802454,0.256236133,0.000433679,0.248932979,0.250095524,0.001162545,51,L,36.2
amit-an/webapp_war_sample,334,105,7994,2,2,Java,0,0,amit-an,webapp_war_sample,KMeans_77,0.7493092299,0.721898883,1.592592593,0.8101049762,0.8101834673,7.85E-05,0.1155176248,0.137682952,0.02216532719,77,672.53,KMeans_72,0.683325165,0.6228166095,1.622641509,0.7721196681,0.772222222,0.000102554,0.155011234,0.1861607143,0.03114948,72,164.12,KMeans_73,0.672095238,0.626707483,1.72,0.789614486,0.789705272,9.08E-05,0.053231628,0.131718852,0.078487224,KMeans_73,125.48,0.714341122,0.603693063,5.733333333,0.364921384,0.374797927,0.009876543,0.144142229,0.15721261,0.013070381,10,L,26.36
SupermePower/zammc-manage,119,18,4059,2,0,JavaScript,1,0,SupermePower,zammc-manage,KMeans_56,0.5556022409,1,1,0.7915701074,0.7916666667,9.66E-05,0.2434659091,0.2767857143,0.033319805,56,360.61,KMeans_59,0.5556022409,1,1,0.790871298,0.790960452,8.92E-05,0.2199615235,0.2556497175,0.035688194,59,107.33,KMeans_57,0.555602241,1,1,0.807430615,0.807549176,0.000118561,0.161775968,0.219298246,0.057522278,KMeans_57,82.43,0.386009445,0.736717828,1.545454545,0.381811025,0.394437288,0.012626263,0.213074161,0.218266188,0.005192027,12,L,24.66
dtdhehe/ptu-life,66,12,5615,2,0,HTML,0,0,dtdhehe,ptu-life,KMeans_28,0.893939394,0.8515151515,1.090909091,0.9042859942,0.9047619048,0.000475911,0.052505879,0.2142857143,0.1617798354,28,229.52,KMeans_31,0.9097222222,0.8625,1,0.8705746329,0.8709677419,0.000393109,0.075,0.2419354839,0.1669354839,31,67.29,KMeans_32,0.856060606,0.85,1.090909091,8.95E-01,0.895833333,0.000373959,-0.049171147,0.177083333,0.22625448,KMeans_32,34.43,0.733928571,0.626955782,1.5,0.551529324,0.570661977,0.019132653,0.266398359,0.301808261,0.035409903,8,L,23.6
lancelee98/PeopleMange,182,22,5014,2,1,Java,0,0,lancelee98,PeopleMange,KMeans_72,0.8541144528,0.577371459,1,0.8796115679,0.8796296296,1.81E-05,0.1204627456,0.1643518519,0.043889106,72,372.39,KMeans_79,0.8541144528,0.577371459,1,0.8987193235,0.8987341772,1.49E-05,0.1067023694,0.1455696203,0.03886725089,79,109.57,KMeans_79,0.854114453,0.577371459,1,0.893654768,0.893670886,1.61E-05,-0.000992643,0.062447257,0.0634399,KMeans_79,84.28,0.811209173,0.219302266,1.117647059,0.41742464,0.417665131,0.00024049,0.311788823,0.344393241,0.032604418,31,L,24.41
jeezhau/ec-server,149,20,1244,2,0,Java,1,0,jeezhau,ec-server,KMeans_71,0.7669701214,0.6588093234,1,0.7914833872,0.7915492958,6.59E-05,0.1672427901,0.2462441315,0.079001341,71,467.33,KMeans_71,0.7669701214,0.6588093234,1,0.730915959,0.7309859155,7.00E-05,0.2112279231,0.3,0.088772077,71,137.77,KMeans_69,0.766970121,0.658809323,1,0.782531112,0.782608696,7.76E-05,0.039112082,0.207729469,0.168617387,KMeans_69,119.72,0.639422217,0.10904349,2.125,0.467427976,0.470688451,0.003260476,0.228888104,0.245864754,0.01697665,14,L,26.83
litbo/hospitalzj,185,26,6518,2,0,JavaScript,0,0,litbo,hospitalzj,KMeans_60,0.6058316683,0.8786365916,1,0.8243949695,0.8244444444,4.95E-05,0.3307328939,0.3433333333,0.012600439,60,458.15,KMeans_58,0.6058316683,0.8786365916,1,0.759713022,0.7597701149,5.71E-05,0.400610002,0.4123563218,0.01174631982,58,122.21,KMeans_51,0.605831668,0.878636592,1,0.682272972,0.682352941,8.00E-05,0.406602397,0.417647059,0.011044662,KMeans_51,104.54,0.536797619,0.604651361,1.3,0.565008765,0.565981948,0.000973183,0.257888646,0.258498473,0.000609827,17,L,24.25
fawks96/pet-hospital,74,11,28850,2,1,Java,0,5,fawks96,pet-hospital,KMeans_37,0.7142857143,0.7182539683,1,0.7176574902,0.718146718,0.000489228,0.2579514038,0.25997426,0.002022856,37,318.53,KMeans_34,0.7142857143,0.7182539683,1,0.6680968223,0.668627451,0.000530629,0.3501435928,0.3529411765,0.002797584,34,100.77,KMeans_37,0.714285714,0.718253968,1,6.55E-01,0.655855856,0.00041032,0.418335002,0.422522523,0.004187521,KMeans_37,55.82,0.69047619,0.527777778,1,0.326876115,0.333286372,0.006410256,0.259067499,0.259122288,5.48E-05,13,L,23.54
xabaohui/zis,553,135,1591,2,1,Java,1,24,xabaohui,zis,KMeans_79,0.6392919935,0.6817638674,1.489795918,0.6306536921,0.6306797125,2.60E-05,0.294076043,0.3006690577,0.006593015,79,1426.97,KMeans_79,0.618713855,0.6674209432,1.489795918,0.6196924605,0.6197185862,2.61E-05,0.2919402565,0.2995530628,0.007612806,79,333.11,KMeans_78,0.572048889,0.664249916,1.46,0.623375782,0.623422244,4.65E-05,0.252978419,0.273579661,0.020601242,KMeans_78,288.03,0.7815007,0.532061544,3.173913043,0.528570582,0.528981693,0.000411111,0.298968251,0.300187203,0.001218953,25,L,29.77
RoyZeng/gmhx,402,60,3584,2,2,Java,1,0,RoyZeng,gmhx,KMeans_79,0.7268883878,0.927544963,1.71875,0.7183780603,0.718446008,6.79E-05,0.3500012715,0.3516504607,0.001649189,79,1549.66,KMeans_79,0.7256468474,0.934310568,1.833333333,0.736905379,0.7369825974,7.72E-05,0.3561330004,0.3583427324,0.002209732,79,388.95,KMeans_78,0.747903548,0.913178116,1.25,0.569574043,0.569623278,4.92E-05,0.252248011,0.274576594,0.022328583,KMeans_78,329.62,0.747423547,0.402698948,2.894736842,0.506185697,0.506576766,0.000391069,0.22895936,0.230845094,0.001885733,30,L,39.79
eea/eionet.webq,196,21,25967,2,3,Java,50,3,eea,eionet.webq,KMeans_64,0.668073593,0.674444516,1,0.9426733946,0.9427083333,3.49E-05,0.142660797,0.1809895833,0.038328786,64,349.48,KMeans_61,0.668073593,0.674444516,1,0.926197856,0.9262295082,3.17E-05,0.1380100182,0.1740437158,0.036033698,61,107.45,KMeans_29,0.668073593,0.674444516,1,7.15E-01,0.715599343,0.000333665,0.267703031,0.30862069,0.040917659,KMeans_29,66.51,0.685224118,0.316659999,1.142857143,0.506969918,0.514685967,0.007716049,0.212405701,0.221224669,0.008818968,9,L,24.27
Maxcj/Maxcj,177,23,13468,2,0,JavaScript,0,2,Maxcj,Maxcj,KMeans_78,0.9041235335,0.4581184516,1,0.8846030759,0.8846153846,1.23E-05,0.1703435453,0.2200854701,0.04974192474,78,411.04,KMeans_75,0.9041235335,0.4581184516,1,0.8310963071,0.8311111111,1.48E-05,0.1996171171,0.2488888889,0.049271772,75,123.3,KMeans_79,0.904123533,0.458118452,1,0.842179239,0.842194093,1.49E-05,0.107996592,0.163291139,0.055294547,KMeans_79,67.39,0.832649458,0.130794709,1.4375,0.460438398,0.460582011,0.000143613,0.342938335,0.371164021,0.028225687,36,L,24.42
qwe7783131/CareerDevelopment,193,37,2167,2,0,HTML,0,2,qwe7783131,CareerDevelopment,KMeans_77,0.9735717117,0.6943557367,1.103448276,0.8947892474,0.8948670377,7.78E-05,0.2715248348,0.2864254793,0.01490064447,77,565.22,KMeans_64,0.9597701149,0.6739938928,1.103448276,0.8182613497,0.8183779762,0.000116627,0.3382964065,0.3497209821,0.01142457562,64,153.2,KMeans_58,0.966891134,0.640155805,1.185185185,0.831788569,0.83196497,0.000176401,0.292704816,0.319526546,0.02682173,KMeans_58,81.88,0.942435707,0.428878713,2.285714286,0.708454202,0.710631073,0.002176871,0.319248961,0.322002514,0.002753554,15,L,24.19
zhaowei520/CDCXH,236,33,68563,2,1,Java,0,1,zhaowei520,CDCXH,KMeans_78,0.4308527451,0.7267551691,1.19047619,0.6180211397,0.6180708181,4.97E-05,0.2407462841,0.2752594628,0.034513179,78,633.91,KMeans_78,0.4336865167,0.7216317539,1.25,0.6145177472,0.6145604396,4.27E-05,0.2415812032,0.2817612943,0.04018009107,78,176.45,KMeans_66,0.404038901,0.726914036,1.041666667,0.562182487,0.562265512,8.30E-05,0.301437174,0.362012987,0.060575813,KMeans_66,106.96,0.390971505,0.613111196,1.785714286,0.34596837,0.352680388,0.006712018,0.169829887,0.181443923,0.011614035,15,L,26.39
JavaFX-Point-of-Sales-master/JavaFX-Point-of-Sales-master,55,0,0,0,0,java,0,0,JavaFX-Point-of-Sales-master,JavaFX-Point-of-Sales-master,KMeans_26,0.7983393702,0.5983813856,1.692307692,0.8607147929,0.8615384615,0.0008236686391,0.1730854701,0.1871794872,0.01409401709,26,258.554626,KMeans_9,0.7957263434,0.5933974087,1.466666667,0.8282333333,0.8293333333,0.0011,0.1459814815,0.1653333333,0.01935185185,9,68.95548081,KMeans_27,0.778535382,0.557717177,1.294117647,0.844704994,0.845679012,0.000974018,0.062361507,0.141975309,0.079613802,KMeans_27,37.63,0.715959775,0.380552932,2.75,0.355059524,0.39077381,0.035714286,0.219182256,0.239136905,0.019954649,8,L,23.81
spring-petclinic-main/spring-petclinic-main,23,0,0,0,0,Java,0,0,spring-petclinic-main,spring-petclinic-main,KMeans_5,0.6600877193,0.8497158827,1.5,0.5995238095,0.6095238095,0.01,0.2964285714,0.3285714286,0.03214285714,5,101.286541,KMeans_5,0.5861471861,0.7805378616,1.2,0.4033333333,0.4133333333,0.01,0.2383333333,0.4133333333,0.175,5,35.3976512,KMeans_11,0.514550265,0.672068188,1,0.860330579,0.863636364,0.003305785,-0.134090909,0.068181818,0.202272727,KMeans_11,23.25,0.703804348,0.850681243,1.5,0.3,0.3,0,0.255555556,0.255555556,0,2,L,22.57
jforum3-master/jforum3-master,232,0,0,0,0,java,0,0,jforum3-master,jforum3-master,KMeans_79,0.9103237342,0.6534185348,1.086956522,0.7875904033,0.7876057838,1.54E-05,0.2032012073,0.2113163911,0.008115183717,79,769.5570672,KMeans_52,0.9328231293,0.7090875473,1.19047619,0.6699581409,0.669992834,3.47E-05,0.2580515969,0.2679164381,0.009864841268,52,253.3991911,KMeans_70,0.885507246,0.685119048,1.086956522,0.66460855,0.664635127,2.66E-05,0.229788948,0.280612245,0.050823297,KMeans_70,112.69,0.838365872,0.304369484,3.125,0.516071504,0.517069236,0.000997732,0.239893842,0.242830526,0.002936683,15,L,25.34