name,classes,controllers,size,stars,forks,language,subscribers,open_issues,user,repo,b_RESOLUTION,b_CHM,b_CHD,b_IFN,b_CMQ,b_ccoh,b_ccop,b_SMQ,b_scoh,b_scop,b_SERVICES,b_time,o_Clustering_Method,o_CHM,o_CHD,o_IFN,o_CMQ,o_ccoh,o_ccop,o_SMQ,o_scoh,o_scop,o_SERVICES,o_time,m_Clustering_Method,m_CHM,m_CHD,m_IFN,m_CMQ,m_ccoh,m_ccop,m_SMQ,m_scoh,m_scop,m_SERVICES,m_time
huanglu20124/invoice,73,12,78906,95,55,Java,11,2,huanglu20124,invoice,0.4,0.692184715,0.550130936,1,0.278008257,0.281866282,0.003858025,0.140388365,0.249490941,0.109102576,9,,KMeans_32,0.875,0.75,1,0.716544723,0.716666667,1.22E-04,0.083574149,0.221875,0.138300851,32,65.33,34,0.448895037,0.464709573,0,-0.000466232,0,0,0.03130602,0,0,34,259.59
Lab41/Dendrite,101,17,6344,92,25,JavaScript,13,18,Lab41,Dendrite,0.3,0.564007937,0.698740867,1.2,0.493446712,0.495238095,0.001791383,0.192658872,0.294501134,0.101842262,21,,KMeans_48,0.76412037,0.771116255,1.083333333,0.783720121,0.783829365,1.09E-04,0.136332267,0.172123016,0.035790748,48,93.66,44,0.530869167,0.59989489,0,-0.001080747,0,0,0.066126332,0,0,44,359.86
pibigstar/parsevip,90,17,17399,87,28,Java,3,0,pibigstar,parsevip,0.3,0.755504723,0.426643054,1.363636364,0.216689342,0.217777778,0.001088435,0.379722222,0.382222222,0.0025,15,,KMeans_39,0.875,0.698723152,1,0.940109019,0.94017094,6.19E-05,0.150359874,0.17948718,0.029127305,39,68.76,40,0.561623891,0.65844825,0,-0.000439936,0,0,0.113116632,0,0,40,284.51
OCR4all/OCR4all,47,18,3648,86,15,JavaScript,22,13,OCR4all,OCR4all,0.3,0.810659112,0.989455176,1.272727273,0.635625,0.641666667,0.006041667,0.26333912,0.390625,0.12728588,16,,KMeans_23,0.829435362,0.960911586,1,0.682183235,0.684057971,0.001874736,0.337384717,0.408695652,0.071310935,23,77.03,13,0.501972211,0.535603851,0,-0.000796719,0,0,0.015187864,0,0,13,209.78
Vino007/javaEEScaffold,45,21,7221,84,53,JavaScript,14,2,Vino007,javaEEScaffold,0.4,0.505265568,0.246336996,1.75,0.308595041,0.318181818,0.009586777,0.20770202,0.340909091,0.133207071,11,,KMeans_21,0.716666667,0.771428571,1,0.903922902,0.904761905,0.000839002,-0.00515873,0.166666667,0.171825397,21,43.87,17,0.625631008,0.66866056,0,-0.000142848,0,0,0.113722552,0,0,17,111.97
GdeiAssistant/GdeiAssistant,455,84,18586,79,38,Java,7,0,GdeiAssistant,GdeiAssistant,0.3,0.404127643,0.785542667,1.657142857,0.368884329,0.369125561,0.000241232,0.227014157,0.232808574,0.005794417,37,,KMeans_79,0.762890443,0.911986825,1.363636364,0.570066528,0.570089072,2.25E-05,0.29254731,0.299446693,0.006899383,79,324.01,128,0.512650029,0.52991326,0,-0.000756806,0,0,0.037638641,0,0,128,3398.06
JoeyBling/bootplus,150,13,40245,58,23,JavaScript,3,0,JoeyBling,bootplus,0.3,0.544140383,0.280408163,1.285714286,0.361871655,0.362213404,0.000341749,0.177809063,0.205202822,0.027393758,18,,KMeans_53,0.681457432,0.382337662,1,0.793866162,0.793890386,2.42E-05,0.25243106,0.275022462,0.022591402,53,102.65,106,0.493898221,0.54378421,0,-0.000870815,0,0,0.083024277,0,0,106,999.94
forTribeforXuanmo/sword-forum,79,12,9186,57,29,JavaScript,1,4,forTribeforXuanmo,sword-forum,0.3,0.356502463,0.43782824,1,0.18975164,0.190476191,0.00072455,0.133762864,0.317176871,0.183414007,14,,KMeans_32,0.690476191,0.476190476,1,0.656176834,0.65625,7.32E-05,0.041498656,0.1875,0.146001344,32,57.1,35,0.526305138,0.561796063,0,-0.001932988,0,0,0.035800049,0,0,35,214.33
superman544/JavaOJSystem,192,20,6748,47,25,JavaScript,4,2,superman544,JavaOJSystem,0.3,0.361675917,0.620719719,1.133333333,0.35786862,0.358713065,0.000844444,0.20562608,0.225102564,0.019476484,25,,KMeans_79,0.377752976,0.812833345,1.125,0.747448128,0.747468354,2.02E-05,0.200165666,0.214416315,0.014250649,79,160.23,71,0.558824271,0.693384143,0,-0.000121385,0,0,0.026692347,0,0,71,832.59
iminto/baicai,84,12,23464,41,29,HTML,8,0,iminto,baicai,0.3,0.759150327,0.861111111,2,0.221187055,0.221428571,0.000241517,0.276636142,0.308333333,0.031697192,14,,KMeans_19,0.95,0.4,1,0.80688075,0.807017544,0.000136794,0.05994152,0.184210526,0.124269006,19,45.82,31,0.523829687,0.626271076,0,-0.000338229,0,0,0.078796858,0,0,31,287.7
Jannchie/biliob_backend,200,22,1111,37,11,Java,0,4,Jannchie,biliob_backend,0.4,0.547212089,0.694334874,1.066666667,0.408177715,0.409331117,0.001153403,0.181275791,0.194867933,0.013592142,18,,KMeans_73,0.690096618,0.776604555,1,0.750980948,0.750989346,8.40E-06,0.290231006,0.299695586,0.00946458,73,144.79,91,0.468033975,0.57831867,0,-0.00036936,0,0,0.07705483,0,0,91,1002.24
Lotharing/SDIMS,112,20,799,34,7,Java,0,6,Lotharing,SDIMS,0.3,0.674236874,0.931135531,1.153846154,0.619044926,0.622721396,0.003676471,0.042790463,0.195031602,0.15224114,17,,KMeans_54,1,0.70001462,1,0.84651639,0.846707819,1.91E-04,0.104713422,0.18287037,0.078156948,54,94.59,46,0.520413108,0.487276467,0,-0.001328457,0,0,0.103159904,0,0,46,427.95
kanban/kanban-app,140,12,1380,34,23,Java,9,5,kanban,kanban-app,0.3,0.396746859,0.635394678,2,0.477789539,0.479028379,0.00123884,0.203697632,0.291835017,0.088137385,18,,KMeans_54,0.638556104,0.921928924,1,0.944400494,0.944444444,4.40E-05,0.067813883,0.135802469,0.067988586,54,86.33,67,0.613900512,0.651274069,0,-0.001120397,0,0,0.026395453,0,0,67,690.12
cloudfoundry-attic/login-server,133,23,7777,32,52,Java,77,3,cloudfoundry-attic,login-server,0.3,0.554282407,0.479025468,1,0.264792899,0.269230769,0.00443787,0.205733618,0.219230769,0.013497151,13,,KMeans_42,0.822222222,0.829657477,1,0.968186521,0.968253968,6.74E-05,0.087591947,0.119047619,0.031455672,42,68.4,62,0.613960926,0.674893605,0,-0.000139769,0,0,0.046495845,0,0,62,550.56
tangdu/smh2,111,25,92244,27,22,JavaScript,7,0,tangdu,smh2,0.3,0.613030303,0.828731189,1.1,0.339659473,0.340972222,0.001312749,0.275977147,0.302380952,0.026403806,24,,KMeans_53,0.692652361,0.879337232,1.222222222,0.876672684,0.87672956,5.69E-05,0.215303983,0.244968554,0.02966457,53,112.3,55,0.517961719,0.56261511,0,-0.001325208,0,0,0.07281105,0,0,55,410.43
qiao-zhi/jwxt,595,76,25888,26,8,Java,7,2,qiao-zhi,jwxt,0.3,0.487775421,0.719594495,1.818181818,0.263227112,0.26363919,0.000412078,0.153791467,0.154433689,0.000642222,60,,KMeans_77,0.518783812,0.745183412,2.48,0.326792315,0.327009451,0.000217135,0.250898995,0.251031215,0.00013222,77,698.79,277,0.5475275,0.533214156,0,-0.000165666,0,0,0.016280921,0,0,277,6935.82
shuxianfeng/movision,886,80,33626,21,20,Java,2,0,shuxianfeng,movision,0.4,0.859285089,0.447022296,2.615384615,0.318034009,0.318132421,9.84E-05,0.190309127,0.193800114,0.003490986,47,,KMeans_77,0.967040095,0.647155329,10.14285714,0.521643807,0.521676512,3.27E-05,0.329444253,0.330806065,0.001361812,77,637.99,227,0.44920999,0.484573263,0,-0.000110171,0,0,0.045377773,0,0,227,19188.39
leluque/university-site-cms,254,23,35036,21,13,JavaScript,8,9,leluque,university-site-cms,0.3,0.417236616,0.464200637,1.636363636,0.394289831,0.395998576,0.001708744,0.14795374,0.157889739,0.009935999,18,,KMeans_76,0.639036427,0.818150407,1.111111111,0.791844128,0.791875522,3.14E-05,0.189888773,0.203931704,0.014042931,76,160.79,91,0.512278307,0.627827172,0,-0.000551396,0,0,0.091377854,0,0,91,926.57
ghostxbh/uzy-ssm-mall,89,19,10103,19,11,Java,1,0,ghostxbh,uzy-ssm-mall,0.3,0.591427404,0.606736504,1.357142857,0.549729531,0.553514133,0.003784602,0.076996269,0.233810797,0.156814528,17,,KMeans_42,0.824093567,0.808739315,1.2,0.785528132,0.785714286,1.86E-04,0.256855723,0.317460318,0.060604594,42,96.28,27,0.479694398,0.635103176,0,-0.000604117,0,0,0.011501037,0,0,27,296.26
kai8406/cmop,237,34,17904,17,13,Java,8,1,kai8406,cmop,0.4,0.546319851,0.339624307,1.684210526,0.330673014,0.332563373,0.001890359,0.164851659,0.210014261,0.045162602,23,,KMeans_75,0.760645098,0.815462423,1.259259259,0.741447458,0.741481482,3.40E-05,0.19098309,0.225306397,0.034323307,75,177.82,89,0.452259611,0.612215027,0,-0.000511238,0,0,0.028843163,0,0,89,1510.24
mozammel/mNet,148,21,2666,15,14,JavaScript,13,3,mozammel,mNet,0.3,0.572107305,0.454911547,1,0.4256025,0.426370851,0.000768351,0.249105425,0.267857143,0.018751718,22,,KMeans_64,0.662263508,0.764405193,1,0.898405022,0.8984375,3.25E-05,0.208901703,0.233072917,0.024171214,64,107.58,68,0.401661644,0.586967534,0,-0.000639143,0,0,0.012218254,0,0,68,533.86
easy-ware/api-manager,181,90,21297,15,7,Java,4,5,easy-ware,api-manager,0.3,0.743464052,0.772612351,1.176470588,0.443016904,0.445097075,0.002080171,0.196987366,0.21787518,0.020887814,22,,KMeans_63,0.839742064,0.943055556,1,0.791925587,0.792063492,0.000137905,0.247745634,0.287301587,0.039555954,63,139.42,45,0.587274176,0.633148405,0,-0.00021931,0,0,0.184425965,0,0,45,696.35
lvr1997/ershoujiaoyi,78,11,8678,14,7,Java,0,7,lvr1997,ershoujiaoyi,0.4,0.619595794,0.586945102,1,0.721490963,0.727891157,0.006400193,0.182169894,0.290476191,0.108306297,14,,KMeans_39,0.851503759,0.831644737,1.1,0.879870183,0.88034188,0.000471697,0.199955016,0.286324786,0.086369771,39,83.88,34,0.360561658,0.495369065,0,-0.000660067,0,0,0.032238267,0,0,34,205.43
GZzzhsmart/P2Pproj,275,42,98201,13,8,JavaScript,1,4,GZzzhsmart,P2Pproj,0.3,0.371692667,0.365624389,1.285714286,0.482539109,0.482751033,0.000211924,0.167977637,0.189355314,0.021377677,37,,KMeans_78,0.512502684,0.669534422,1.15625,0.667653933,0.667685093,3.12E-05,0.395598189,0.403764291,0.008166102,78,188.98,136,0.506714344,0.539651432,0,-0.00028901,0,0,0.041803358,0,0,136,1243.43
HIIT/dime-server,91,12,97425,13,7,Java,27,23,HIIT,dime-server,0.3,0.383201283,0.711820057,1.333333333,0.271747836,0.272650613,0.000902778,0.123835816,0.150804924,0.026969108,16,,KMeans_45,0.554617331,0.859835248,1,0.699221508,0.699259259,3.78E-05,0.16581229,0.191851852,0.026039562,45,108.62,42,0.604126777,0.632548086,0,-0.003994927,0,0,0.10766844,0,0,42,249.7
doooyo/Weixin_Server,303,32,4538,13,11,Java,4,0,doooyo,Weixin_Server,0.3,0.796872033,0.87888139,1.583333333,0.342828916,0.343528916,0.0007,0.224969299,0.251030525,0.026061226,25,,KMeans_75,0.858965583,0.871853033,1.1875,0.731090723,0.731111111,2.04E-05,0.231706707,0.273333333,0.041626627,75,138.1,135,0.485446545,0.510008572,0,-0.000355673,0,0,0.051449345,0,0,135,1508.38
fishstormX/fishmaple,173,21,5532,11,1,JavaScript,2,6,fishstormX,fishmaple,0.3,0.536837299,0.547448234,1.2,0.418332764,0.418426501,9.37E-05,0.28757602,0.300362319,0.012786299,23,,KMeans_73,0.850566893,0.817888637,1,0.758894843,0.75890411,9.27E-06,0.216140813,0.253881279,0.037740466,73,116.08,73,0.490095278,0.412772916,0,-0.000643026,0,0,0.049852392,0,0,73,577.5
opendevstack/ods-provisioning-app,146,11,1516,11,15,Java,26,47,opendevstack,ods-provisioning-app,0.3,0.435591369,0.075878692,1,0.387468183,0.388220551,0.000752368,0.269438974,0.292105263,0.022666289,19,,KMeans_73,0.448958333,0.554672619,1,0.898874557,0.898891063,1.65E-05,0.110243622,0.151663405,0.041419783,73,107.77,26,0.530586844,0.543615962,0,-0.000553893,0,0,0.051787482,0,0,26,881.95
starqiu/RDMP1,60,30,24114,10,12,Java,5,0,starqiu,RDMP1,0.4,0.901992754,0.862128147,1.25,0.244784581,0.249319728,0.004535147,0.207171202,0.29744898,0.090277778,7,,KMeans_16,0.6,0.654285714,1,0.686458333,0.6875,0.001041667,0.181481482,0.28125,0.099768519,16,43.13,26,0.54697377,0.630342495,0,-0.000954735,0,0,0.025978861,0,0,26,148.9
yorkmass/Yark-AdminMS,69,12,41214,9,0,JavaScript,1,1,yorkmass,Yark-AdminMS,0.3,0.472928154,0.697316026,1.1,0.327891157,0.32952381,0.001632653,0.191360544,0.248888889,0.057528345,15,,KMeans_31,0.619642857,0.66847194,1,0.827795121,0.827956989,0.000161868,0.108422939,0.180107527,0.071684588,31,54.24,26,0.475159915,0.606803473,0,-0.001502208,0,0,0.035682443,0,0,26,163.74
768330962/poet_ready_system,57,14,1629,8,5,HTML,0,3,768330962,poet_ready_system,0.3,0.780889286,0.342582496,1,0.827778449,0.833333333,0.005554885,0.141826923,0.297619048,0.155792125,14,,KMeans_15,0.940476191,0.471851436,1,0.884353742,0.888888889,0.004535147,0.309126984,0.338888889,0.029761905,15,61.3,23,0.443906809,0.509902943,0,-0.000684552,0,0,0.035893294,0,0,23,152.27
suyeq/steamMall,120,13,6524,8,2,CSS,2,2,suyeq,steamMall,0.3,0.72151927,0.631499844,1.090909091,0.522372049,0.523452381,0.001080332,0.247096874,0.275459957,0.028363083,20,,KMeans_60,0.977941177,0.670787599,1,0.808832392,0.808888889,5.65E-05,0.175559087,0.220833333,0.045274247,60,112.29,51,0.465561158,0.604576701,0,-0.001314519,0,0,0.038775706,0,0,51,417.43
zlren/noah-health,86,12,320,8,6,Java,3,0,zlren,noah-health,0.3,0.725028058,0.945648902,1.222222222,0.408979592,0.413333333,0.004353741,-0.073770786,0.310793651,0.384564437,15,,KMeans_29,0.906073724,0.967471822,1,0.863973485,0.864367816,0.000394331,0.176939655,0.273563218,0.096623563,29,76.53,26,0.523102713,0.600952907,0,-6.99E-05,0,0,0.091009462,0,0,26,229.63
khasang/delivery,218,11,7443,6,6,Java,8,5,khasang,delivery,0.3,0.779920635,0.741486292,1,0.678359819,0.678678403,0.000318585,0.182796052,0.183499433,0.000703381,22,,KMeans_70,0.797698413,0.779264069,1,0.893823853,0.893845285,2.14E-05,0.25368185,0.257287785,0.003605935,70,136.8,92,0.631944994,0.507859274,0,-0.000407992,0,0,0.078005163,0,0,92,780.97
TexnologiaLogismikou/Fiz,199,18,1160,6,0,Java,5,3,TexnologiaLogismikou,Fiz,0.4,0.505681818,0.431349206,1.333333333,0.579931457,0.583820346,0.003888889,0.171909508,0.219832251,0.047922744,16,,KMeans_52,0.728409091,0.731845238,1,0.958863455,0.958974359,0.000110904,0.11293992,0.187179487,0.074239568,52,98.96,63,0.743828558,0.48408025,0,-0.00053884,0,0,0.030641815,0,0,63,1213
wang007/live-server,238,23,6130,6,5,JavaScript,4,0,wang007,live-server,0.3,0.51073965,0.400303445,1.357142857,0.495377585,0.496602075,0.00122449,0.169444915,0.175589358,0.006144442,21,,KMeans_79,0.706547619,0.778936216,1.1,0.753422819,0.753455897,3.31E-05,0.244559748,0.258077155,0.013517407,79,160.34,96,0.545453597,0.589942755,0,-0.000434781,0,0,0.056387904,0,0,96,917.93
zxwgdft/paladin-boot,328,17,97803,6,0,JavaScript,1,0,zxwgdft,paladin-boot,0.4,0.637159715,0.193759019,1,0.278761494,0.279005118,0.000243624,0.112838147,0.119216321,0.006378174,22,,KMeans_75,0.185863095,0.539937642,1,0.674632237,0.674643275,1.10E-05,0.346267688,0.354961571,0.008693882,75,180.57,161,0.518647291,0.564825333,0,-0.000417128,0,0,0.063883012,0,0,161,1461.26
shenshaoming/byte_easy,55,12,13225,5,4,JavaScript,1,0,shenshaoming,byte_easy,0.3,0.291720779,0.533315296,1.166666667,0.509533202,0.512820513,0.003287311,0.148985043,0.307692308,0.158707265,13,,KMeans_19,0.685714286,0.908786848,1,0.910160391,0.912280702,0.002120311,0.145224172,0.236842105,0.091617934,19,43.29,23,0.534046348,0.696278025,0,-5.22E-06,0,0,0.105097944,0,0,23,123.39
nimble-platform/business-process-service,222,47,2798,5,3,Java,5,16,nimble-platform,business-process-service,0.4,0.500632801,0.622452662,1.785714286,0.3579293,0.362165411,0.004236111,0.183014083,0.226906139,0.043892055,16,,KMeans_79,0.763049451,0.72823311,1.038461538,0.872961438,0.872995781,3.43E-05,0.086898419,0.158122363,0.071223944,79,153.88,95,0.423370503,0.537225906,0,-0.000301808,0,0,0.06030411,0,0,95,1262.75
codemky/uni,615,89,1444,5,0,Java,2,2,codemky,uni,0.4,0.297084643,0.515607524,1.652173913,0.268448313,0.269017774,0.000569461,0.140986191,0.144464508,0.003478316,58,,KMeans_76,0.689437999,0.992107904,3.863636364,0.287644583,0.287978594,0.00033401,0.215166564,0.215750063,0.0005835,76,783.16,291,0.468199202,0.507064022,0,-0.000131092,0,0,0.054702183,0,0,291,7241.14
aramsoft/aramcomp,345,72,21307,5,5,Java,1,1,aramsoft,aramcomp,0.3,0.582250539,0.921310747,1.5,0.423553561,0.424290614,0.000737053,0.273468928,0.28440276,0.010933832,43,,KMeans_79,0.675469927,0.918342059,1.120689655,0.565556566,0.565682138,0.000125572,0.327658927,0.347026321,0.019367394,79,242.18,174,0.525740561,0.503316025,0,-0.000302124,0,0,0.058713736,0,0,174,2699.12
bao17634/Warehouse-system,76,13,1787,5,1,JavaScript,1,1,bao17634,Warehouse-system,0.3,0.606619138,0.75418741,1,0.390762656,0.394871795,0.004109139,0.283114316,0.355128205,0.072013889,13,,KMeans_33,0.782275132,0.818570484,1,0.787713786,0.787878788,0.000165002,0.124684343,0.207070707,0.082386364,33,83.05,25,0.446726431,0.587995172,0,-0.000200065,0,0,0.056467983,0,0,25,205.06
shigenwang/membership,153,18,60199,5,7,Java,1,0,shigenwang,membership,0.3,0.66888505,0.778141419,1.166666667,0.259552797,0.263181606,0.003628809,0.178533897,0.185401176,0.006867279,20,,KMeans_76,0.869897959,0.921525753,1.071428571,0.545449563,0.545551378,1.02E-04,0.313685046,0.331296993,0.017611947,76,167,61,0.575748404,0.605945079,0,-0.001002758,0,0,0.033994584,0,0,61,609.41
sfx478076717/goldenarches,56,11,18294,4,0,Java,0,0,sfx478076717,goldenarches,0.3,0.542083333,0.480628464,1,0.521778827,0.526406926,0.004628099,0.197571429,0.281385281,0.083813853,11,,KMeans_23,0.846296296,0.960090703,1.111111111,0.767475407,0.768115942,0.000640535,0.299681599,0.376811594,0.077129996,23,65.96,27,0.502519646,0.604395263,0,-0.001465693,0,0,0.085312463,0,0,27,128.18
dp2-g56/Dp2-L02,245,40,1002,4,1,Java,2,0,dp2-g56,Dp2-L02,0.3,0.740530457,0.271477152,1.888888889,0.360354959,0.361722999,0.00136804,0.15899816,0.197280909,0.03828275,22,,KMeans_77,0.76320647,0.554511732,1.5,0.693101997,0.693207586,0.000105589,0.230872859,0.25197382,0.021100961,77,171.02,94,0.492918815,0.32963378,0,-0.000610738,0,0,0.023029752,0,0,94,1415.06
wangwang1230/te-empl,156,24,29367,4,5,Java,1,0,wangwang1230,te-empl,0.3,0.653025582,0.93642919,2,0.500445312,0.501443001,0.00099769,0.293609539,0.317520443,0.023910903,24,,KMeans_67,0.874900794,0.968339002,1,0.83075065,0.830845771,9.51E-05,0.17076235,0.223880597,0.053118247,67,111.72,72,0.612140431,0.653104012,0,-0.000475919,0,0,0.028297309,0,0,72,537.03
ElectiveTeam/elective_system,97,15,3692,4,0,JavaScript,1,0,ElectiveTeam,elective_system,0.3,0.513318247,0.695999133,1.090909091,0.373030306,0.376220185,0.003189879,0.19286124,0.230379425,0.037518185,17,,KMeans_45,0.664021164,0.935920047,1.083333333,0.672201379,0.672380952,1.80E-04,0.281122335,0.306190476,0.025068142,45,115.27,42,0.490429289,0.571891723,0,-0.001008942,0,0,0.027962583,0,0,42,277.89
75193982/HyLMS,535,141,13852,4,6,Java,0,0,75193982,HyLMS,0.3,0.736208647,0.995535714,1.909090909,0.472797747,0.473547387,0.00074964,0.201199461,0.209291894,0.008092433,47,,KMeans_79,0.852034811,0.978718298,1.483333333,0.555963168,0.55617702,0.000213852,0.307423189,0.312746954,0.005323765,79,397.32,235,0.541677718,0.525500685,0,-0.000116303,0,0,0.013422544,0,0,235,7265.5
next-step/jwp-jdbc,117,16,2932,4,40,Java,7,1,next-step,jwp-jdbc,0.3,0.65,0.525,1.25,0.733126722,0.736111111,0.002984389,0.223242845,0.238888889,0.015646044,12,,KMeans_28,1,1,1,0.892241259,0.892857143,0.000615884,0.092592593,0.125,0.032407407,28,45.27,24,0.631890183,0.586335563,0,-0.000755923,0,0,0.063597775,0,0,24,297.49
KongZouXiang/TradeSteward,232,40,13484,4,1,JavaScript,1,1,KongZouXiang,TradeSteward,0.3,0.374876646,0.38928158,1.181818182,0.563149193,0.564492754,0.001343561,0.252090392,0.26435159,0.012261199,23,,KMeans_79,0.609745897,0.704873985,1,0.731615652,0.73164557,2.99E-05,0.285179325,0.308227848,0.023048523,79,148.1,88,0.46305612,0.549811095,0,-5.94E-05,0,0,0.059035796,0,0,88,918.67
skyisbule/nanfeng,71,13,5421,4,3,Java,0,2,skyisbule,nanfeng,0.3,0.572979798,0.199350649,1,0.239805538,0.249057239,0.009251701,0.222207792,0.222633478,0.000425685,15,,KMeans_33,0.782051282,0.923076923,1,0.55586619,0.556565657,0.000699466,0.309335543,0.317171717,0.007836174,33,142.05,19,0.466277392,0.513229783,0,-0.002298693,0,0,0.046388076,0,0,19,206.15
mingslife/LightCMS,103,17,7736,4,0,JavaScript,1,0,mingslife,LightCMS,0.3,0.543542569,0.116738817,1.181818182,0.412055621,0.418253968,0.006198347,-0.066777898,0.220800265,0.287578163,12,,KMeans_38,0.596153846,0.72014652,1,0.833068263,0.833333333,0.00026507,0.263394974,0.285087719,0.021692745,38,84.16,49,0.616002419,0.627302285,0,-0.002565441,0,0,0.04040031,0,0,49,319.48
yaowuya/lprapm,105,26,57665,4,0,JavaScript,1,1,yaowuya,lprapm,0.3,0.646682164,0.801810369,1.153846154,0.403574247,0.404848485,0.001274238,0.283952975,0.302651515,0.01869854,20,,KMeans_47,0.611685432,0.62325869,2.5,0.743832999,0.743971631,1.39E-04,0.234439562,0.260992908,0.026553346,47,113.53,33,0.575421983,0.634909956,0,-0.000303327,0,0,0.020554495,0,0,33,312.35
yShen868/ssm03,94,14,2169,4,1,JavaScript,1,5,yShen868,ssm03,0.3,0.47686455,0.699064064,1.090909091,0.429365079,0.433174603,0.003809524,0.286952475,0.303730159,0.016777683,15,,KMeans_46,0.60862451,0.747994017,1,0.666449159,0.666666667,2.18E-04,0.282112185,0.326086957,0.043974772,46,96.52,20,0.354373939,0.502677487,0,-3.61E-05,0,0,0.05677133,0,0,20,272.82
dagilmore/Riddlin,51,12,25836,4,0,Java,1,0,dagilmore,Riddlin,0.3,0.681709402,0.578479854,2.2,0.524297521,0.527272727,0.002975207,0.246909091,0.328787879,0.081878788,11,,KMeans_21,1,0.638888889,1,0.83446712,0.834920635,0.000453515,0.203108466,0.249206349,0.046097884,21,48.99,15,0.48402214,0.605125607,0,-0.000279669,0,0,0.056793698,0,0,15,113.91
chenzhq/WsMonitor,246,16,4520,4,2,JavaScript,2,8,chenzhq,WsMonitor,0.3,0.870077145,0.49132654,1.5,0.321483931,0.32274417,0.001260239,0.127673799,0.143053717,0.015379918,24,,KMeans_77,0.822222222,0.657857143,1.5,0.761611368,0.761636831,2.55E-05,0.211324144,0.221879757,0.010555614,77,206.66,73,0.57545311,0.610122349,0,-0.000409104,0,0,0.01875514,0,0,73,1170.83
parkkyoung/f4mall,59,15,15349,4,0,JavaScript,0,0,parkkyoung,f4mall,0.3,0.714443683,0.737904762,1.142857143,0.491622575,0.503968254,0.012345679,0.266619268,0.336904762,0.070285494,9,,KMeans_17,0.991071429,1,1,0.665597366,0.668300654,0.002703287,0.272126906,0.321078431,0.048951525,17,65.49,14,0.374502993,0.261804344,0,0.000295692,0,0,0.061467397,0,0,14,143.64
zhouweiwei18/HospitalSystem,210,29,30769,3,8,JavaScript,1,5,zhouweiwei18,HospitalSystem,0.3,0.419678932,0.836765615,1,0.22164846,0.223070935,0.001422475,0.175418955,0.175807891,0.000388936,38,,KMeans_75,0.540908276,0.704151573,1.473684211,0.459846313,0.459970719,0.000124405,0.31135576,0.311673884,0.000318123,75,321.13,91,0.612408629,0.625395762,0,-0.00036737,0,0,0.016243151,0,0,91,1164.65
uq-eresearch/lorestore,85,11,2095,3,3,JavaScript,3,12,uq-eresearch,lorestore,0.3,0.676085026,0.026556777,1,0.367094017,0.369230769,0.002136752,0.135505698,0.216666667,0.081160969,13,,KMeans_35,0.458333333,0.25,1,0.942690488,0.942857143,0.000166655,-0.09789916,0.028571429,0.126470588,35,47.77,30,0.606751348,0.5963425,0,-0.000453834,0,0,0.044801247,0,0,30,246.95
isa-group/ideas-studio,115,20,9401,3,5,JavaScript,11,100,isa-group,ideas-studio,0.3,0.661980049,0.47400864,1.5,0.391994048,0.393452381,0.001458333,0.213622272,0.333630952,0.120008681,16,,KMeans_36,0.797830688,0.620911681,1.066666667,0.87952381,0.87962963,0.00010582,0.166402116,0.222222222,0.055820106,36,89.62,31,0.498066875,0.614881094,0,-0.000576594,0,0,0.056875241,0,0,31,355.29
smartcommunitylab/smartcampus.vas.corsi.web,65,13,1828,3,0,JavaScript,33,0,smartcommunitylab,smartcampus.vas.corsi.web,0.3,0.383523547,0.864771642,1.090909091,0.374892324,0.381292517,0.006400193,0.26984454,0.364115646,0.094271106,14,,KMeans_29,0.561721612,0.893627052,1,0.729387593,0.729885058,0.000497464,1.39E-01,2.61E-01,1.23E-01,29,88.36,18,0.497987135,0.680289119,0,-0.001596326,0,0,0.021089375,0,0,18,168.5
xiongzhenhai-zh/produce-project-managerment,113,14,2409,3,0,Java,0,0,xiongzhenhai-zh,produce-project-managerment,0.3,0.708333333,0.989417989,1.111111111,0.539129181,0.542156863,0.003027682,0.239104626,0.266013072,0.026908446,17,,KMeans_39,0.76734127,1,1,0.83039588,0.830769231,0.000373351,0.259770205,0.297435897,0.037665692,39,139.12,53,0.532671099,0.661850601,0,-0.001511584,0,0,0.026755052,0,0,53,336.44
XMFBee/AuthPlatform1,281,63,13445,3,0,JavaScript,0,0,XMFBee,AuthPlatform1,0.3,0.29995406,0.705374772,1.323529412,0.501621004,0.502466053,0.000845048,0.16439588,0.233708884,0.069313004,39,,KMeans_77,0.572854971,0.698518147,1.363636364,0.722043318,0.722151009,0.000107692,0.310601562,0.330533536,0.019931974,77,215.27,124,0.541605698,0.586417696,0,-0.001091874,0,0,0.041266444,0,0,124,1583.77
scrumtracker/scrumtracker2017,44,13,69555,3,2,Java,5,1,scrumtracker,scrumtracker2017,0.3,0.61402526,0.684610835,1.571428571,0.702222222,0.72,0.017777778,0.166932099,0.266666667,0.099734568,10,,KMeans_16,0.923396301,0.829437594,1,0.972986111,0.979166667,0.006180556,0.080671296,0.197916667,0.11724537,16,45.82,21,0.313585287,0.374214796,0,-0.000737718,0,0,0.046028547,0,0,21,98.61
danbaixidanbai/OCproject,77,15,1889,3,0,JavaScript,0,2,danbaixidanbai,OCproject,0.3,0.867724868,0.8,1.333333333,0.584328676,0.588690476,0.0043618,0.28884139,0.329761905,0.040920515,12,,KMeans_38,1,0.411330698,1,0.920848265,0.921052632,0.000204367,0.15595859,0.223684211,0.06772562,38,79.75,29,0.649353765,0.510805215,0,-0.000193249,0,0,0.060155938,0,0,29,181.22
CrazyZhao/zblog,63,13,3603,3,1,HTML,1,0,CrazyZhao,zblog,0.3,0.60131579,0.60192147,1.3,0.545525056,0.55218254,0.006657484,0.270833333,0.316666667,0.045833333,12,,KMeans_31,0.858974359,0.775030525,1,0.81661695,0.817204301,0.000587351,0.144683393,0.241935484,0.097252091,31,57.61,24,0.504233053,0.59470141,0,-0.000413307,0,0,0.046004723,0,0,24,148.03
holagoldfish/H5APP-java,39,15,239,3,1,Java,0,0,holagoldfish,H5APP-java,0.3,0.678333333,0.818412698,1,0.511234568,0.516666667,0.005432099,0.225092593,0.385,0.159907407,10,,KMeans_16,0.95,0.938095238,1,0.837708333,0.839583333,0.001875,0.158958333,0.278125,0.119166667,16,45.58,18,0.572443308,0.504821016,0,-0.000889403,0,0,0.064870935,0,0,18,85.79
orgqy88cckz/AccumulationFund,134,28,3919,3,0,JavaScript,0,0,orgqy88cckz,AccumulationFund,0.3,0.628968254,0.174603175,1,0.89569161,0.904761905,0.009070295,0.263227513,0.285714286,0.022486772,7,,KMeans_61,1,0.275691673,1.037037037,0.969894294,0.969945355,5.11E-05,0.484528689,0.484699454,0.000170765,61,133.93,64,0.625879524,0.643977136,0,-3.49E-05,0,0,0.023018049,0,0,64,381.34
LiJiuRi/jie_you_ba,102,18,4748,3,1,Java,0,0,LiJiuRi,jie_you_ba,0.3,0.454414683,0.586656746,1.125,0.593462302,0.598809524,0.005347222,0.238694941,0.260044643,0.021349702,16,,KMeans_50,0.758333333,0.777777778,1,0.883126753,0.883333333,0.000206581,0.296740363,0.326666667,0.029926304,50,142.12,30,0.530389204,0.530791393,0,-0.00064933,0,0,0.032602378,0,0,30,284.02
RMHM/miniMap,83,12,17285,3,0,JavaScript,0,0,RMHM,miniMap,0.3,0.703694735,0.602967773,1,0.490195461,0.495815296,0.005619835,0.181702742,0.206601732,0.02489899,11,,KMeans_34,0.787863934,0.825371538,1,0.702785483,0.702941177,0.000155693,0.270694692,0.307843137,0.037148445,34,96.71,25,0.388827781,0.533057354,0,0.000623141,0,0,0.075427281,0,0,25,236.3
nullcodeexecutor/pts,174,27,3020,2,0,JavaScript,1,0,nullcodeexecutor,pts,0.3,0.654612536,0.011765399,1.466666667,0.387391837,0.391020646,0.003628809,0.147395215,0.154925769,0.007530554,20,,KMeans_76,0.924242424,0.215151515,1.136363636,0.735885626,0.735964912,7.93E-05,0.305544591,0.319298246,0.013753655,76,174.39,61,0.666216262,0.737844996,0,-0.000228673,0,0,0.005068133,0,0,61,704.76
YouAreOnlyOne/CommunityInformationForWeb,163,23,7163,2,1,JavaScript,2,0,YouAreOnlyOne,CommunityInformationForWeb,0.4,0.44267548,0.550815547,1.692307692,0.305432925,0.30727116,0.001838235,0.176548959,0.184902353,0.008353394,17,,KMeans_79,0.560232192,0.906709957,1,0.876763436,0.876793249,2.98E-05,0.112817808,0.15021097,0.037393162,79,113.32,80,0.433181195,0.563266104,0,-0.000520628,0,0,0.06876735,0,0,80,572.41
gvSIGAssociation/gvsig-web,127,51,6145,2,0,JavaScript,13,0,gvSIGAssociation,gvsig-web,0.4,0.535428423,0.538149503,1.222222222,0.622013243,0.626360544,0.004347301,0.177639325,0.263435374,0.085796049,14,,KMeans_44,0.617732268,0.789177069,1,0.848359697,0.848484849,0.000125151,0.125484496,0.185606061,0.060121564,44,84.56,62,0.550338212,0.73373023,0,-0.000829773,0,0,0.085303577,0,0,62,347.68
hongqiang/shopb2b,465,91,3060,2,1,Java,4,0,hongqiang,shopb2b,0.3,0.36350828,0.227262376,1.974358974,0.481251483,0.481757446,0.000505963,0.12766314,0.133762187,0.006099047,46,,KMeans_76,0.480060323,0.281846459,2,0.587583868,0.587647026,6.32E-05,0.214733893,0.223886585,0.009152692,76,367.04,213,0.502311602,0.639505448,0,-0.000301773,0,0,0.038574509,0,0,213,4022.63
AaronSum/hotel-mgr-sys,498,31,5100,2,2,Java,1,0,AaronSum,hotel-mgr-sys,0.3,0.32578472,0.42613995,1.928571429,0.21375668,0.214397751,0.000641071,0.144279897,0.148772816,0.004492918,39,,KMeans_76,0.563778472,0.611306475,6.75,0.269559956,0.269772452,0.000212496,0.312017326,0.312371243,0.000353917,76,558.11,220,0.420816685,0.536369657,0,-0.000465291,0,0,0.026161891,0,0,220,5568.74
amit-an/webapp_war_sample,334,105,7994,2,2,Java,0,0,amit-an,webapp_war_sample,0.3,0.354166667,0.562551738,3.071428571,0.404481954,0.406018657,0.001536703,0.145278363,0.153675141,0.008396778,22,,KMeans_72,0.683325165,0.62281661,1.622641509,0.772119668,0.772222222,0.000102554,0.155011234,0.186160714,0.03114948,72,164.12,159,0.567590216,0.5129706,0,-0.000560537,0,0,0.032667353,0,0,159,1616.51
SupermePower/zammc-manage,119,18,4059,2,0,JavaScript,1,0,SupermePower,zammc-manage,0.3,0.405654762,0.821428571,1.0625,0.402000147,0.406613757,0.00461361,0.202543054,0.214131393,0.011588339,18,,KMeans_59,0.555602241,1,1,0.790871298,0.790960452,8.92E-05,0.219961524,0.255649718,0.035688194,59,107.33,38,0.399595646,0.473099047,0,-0.000363331,0,0,0.078234723,0,0,38,340.8
dtdhehe/ptu-life,66,12,5615,2,0,HTML,0,0,dtdhehe,ptu-life,0.4,0.364102564,0.753476038,1.25,0.72841893,0.733928571,0.005509642,0.169983315,0.230257937,0.060274621,12,,KMeans_31,0.909722222,0.8625,1,0.870574633,0.870967742,0.000393109,0.075,0.241935484,0.166935484,31,67.29,13,0.506058206,0.630309567,0,-4.23E-05,0,0,0.028320228,0,0,13,163.71
lancelee98/PeopleMange,182,22,5014,2,1,Java,0,0,lancelee98,PeopleMange,0.3,0.58668907,0.25023069,1.214285714,0.369206209,0.370064935,0.000858726,0.180518026,0.191634199,0.011116173,20,,KMeans_79,0.854114453,0.577371459,1,0.898719324,0.898734177,1.49E-05,0.106702369,0.14556962,0.038867251,79,109.57,90,0.460279942,0.571906248,0,-0.000513509,0,0,0.024625962,0,0,90,644.13
jeezhau/ec-server,149,20,1244,2,0,Java,1,0,jeezhau,ec-server,0.4,0.559088458,0.176532513,1.0625,0.4346744,0.437486191,0.002811791,0.227457713,0.263284203,0.03582649,21,,KMeans_71,0.766970121,0.658809323,1,0.730915959,0.730985916,7.00E-05,0.211227923,0.3,0.088772077,71,137.77,59,0.39731712,0.458135309,0,-0.000412093,0,0,0.017082257,0,0,59,823.54
litbo/hospitalzj,185,26,6518,2,0,JavaScript,0,0,litbo,hospitalzj,0.3,0.41292517,0.614796818,1.142857143,0.581434258,0.581718282,0.000284024,0.250253876,0.252740315,0.002486439,26,,KMeans_58,0.605831668,0.878636592,1,0.759713022,0.759770115,5.71E-05,0.400610002,0.412356322,0.01174632,58,122.21,87,0.645268885,0.693465335,0,-0.002100466,0,0,0.050032756,0,0,87,549.43
fawks96/pet-hospital,74,11,28850,2,1,Java,0,5,fawks96,pet-hospital,0.3,0.4,0.6,1,0.498770905,0.501960784,0.003189879,0.293384104,0.293977591,0.000593487,17,,KMeans_34,0.714285714,0.718253968,1,0.668096822,0.668627451,0.000530629,0.350143593,0.352941177,0.002797584,34,100.77,31,0.665078108,0.606874617,0,5.67E-05,0,0,0.046747715,0,0,31,182.9
xabaohui/zis,553,135,1591,2,1,Java,1,24,xabaohui,zis,0.3,0.459945232,0.479623109,2.652173913,0.367633064,0.368367127,0.000734063,0.144678141,0.151429526,0.006751385,29,,KMeans_79,0.618713855,0.667420943,1.489795918,0.619692461,0.619718586,2.61E-05,0.291940257,0.299553063,0.007612806,79,333.11,202,0.570470093,0.508328949,0,-0.000278361,0,0,0.035287061,0,0,202,5635.56
RoyZeng/gmhx,402,60,3584,2,2,Java,1,0,RoyZeng,gmhx,0.3,0.665429672,0.449517071,1.8,0.422985258,0.423278239,0.00029298,0.185297742,0.192227516,0.006929774,41,,KMeans_79,0.725646847,0.934310568,1.833333333,0.736905379,0.736982597,7.72E-05,0.356133,0.358342732,0.002209732,79,388.95,197,0.478463681,0.583626248,0,-0.000321497,0,0,0.037861508,0,0,197,3236.29
eea/eionet.webq,196,21,25967,2,3,Java,50,3,eea,eionet.webq,0.3,0.559506982,0.340081776,1,0.484323626,0.485588972,0.001265347,0.155854957,0.19254386,0.036688903,19,,KMeans_61,0.668073593,0.674444516,1,0.926197856,0.926229508,3.17E-05,0.138010018,0.174043716,0.036033698,61,107.45,8,0.527648286,0.39927959,0,-1.44E-06,0,0,0.128585654,0,0,8,884.13
Maxcj/Maxcj,177,23,13468,2,0,JavaScript,0,2,Maxcj,Maxcj,0.3,0.619515376,0.210355164,1.466666667,0.388243027,0.389172732,0.000929705,0.194293678,0.206316039,0.012022361,21,,KMeans_75,0.904123534,0.458118452,1,0.831096307,0.831111111,1.48E-05,0.199617117,0.248888889,0.049271772,75,123.3,69,0.442184527,0.538500756,0,-0.000765235,0,0,0.035033736,0,0,69,623.19
qwe7783131/CareerDevelopment,193,37,2167,2,0,HTML,0,2,qwe7783131,CareerDevelopment,0.3,0.840190613,0.5626793,1.611111111,0.563944976,0.567433229,0.003488253,0.166898861,0.187769717,0.020870856,19,,KMeans_64,0.959770115,0.673993893,1.103448276,0.81826135,0.818377976,0.000116627,0.338296407,0.349720982,0.011424576,64,153.2,86,0.577301013,0.569334307,0,-0.000283353,0,0,0.01982115,0,0,86,739.55
zhaowei520/CDCXH,236,33,68563,2,1,Java,0,1,zhaowei520,CDCXH,0.4,0.370543044,0.616014233,1.2,0.431467911,0.433039509,0.001571598,0.058032663,0.176392164,0.118359501,26,,KMeans_78,0.433686517,0.721631754,1.25,0.614517747,0.61456044,4.27E-05,0.241581203,0.281761294,0.040180091,78,176.45,114,0.664915667,0.63194844,0,-0.001713468,0,0,0.062702176,0,0,114,1150.11
JavaFX-Point-of-Sales-master/JavaFX-Point-of-Sales-master,55,0,0,0,0,java,0,0,JavaFX-Point-of-Sales-master,JavaFX-Point-of-Sales-master,0.3,0.709981,0.372332,2.222222,0.373126,0.395503,0.022377,0.192776,0.219709,0.026933,9,293.506587,KMeans_25,0.795726343,0.593397409,1.466666667,0.828233333,0.829333333,0.0011,0.145981482,0.165333333,0.019351852,25,68.95548081,26,0.583915378,0.554310241,0,-0.001462239,0,0,0.028284639,0,0,26,144.87
spring-petclinic-main/spring-petclinic-main,23,0,0,0,0,Java,0,0,spring-petclinic-main,spring-petclinic-main,0.3,0.413596,0.696908,2,0.62254,0.626984,0.004444,0.087698,0.121032,0.033333,6,186.465308,KMeans_5,0.586147186,0.780537862,1.2,0.403333333,0.413333333,0.01,0.238333333,0.413333333,0.175,5,35.3976512,15,0.77191267,0.760893016,0,-0.009200746,0,0,0.083721038,0,0,15,81.51
jforum3-master/jforum3-master,232,0,0,0,0,java,0,0,jforum3-master,jforum3-master,0.3,0.779783,0.103528,1.352941,0.407546,0.407752,0.000206,0.248889,0.259946,0.011056,30,242.557687,KMeans_52,0.932823129,0.709087547,1.19047619,0.669958141,0.669992834,3.47E-05,0.258051597,0.267916438,0.009864841,52,253.3991911,165,0.691604744,0.540408622,0,-0.000402452,0,0,0.027503952,0,0,165,2983.89