name,classes,controllers,size,stars,forks,language,subscribers,open_issues,user,repo,gpt_Clustering_Method,gpt_CHM,gpt_CHD,gpt_IFN,gpt_CMQ,gpt_ccoh,gpt_ccop,gpt_SMQ,gpt_scoh,gpt_scop,gpt_SERVICES,gpt_time,o_Clustering_Method,o_CHM,o_CHD,o_IFN,o_CMQ,o_ccoh,o_ccop,o_SMQ,o_scoh,o_scop,o_SERVICES,o_time
huanglu20124/invoice,73,12,78906,95,55,Java,11,2,huanglu20124,invoice,KMeans_34,0.875,0.75,1,0.761367029,0.761484594,1.18E-04,0.084017698,0.206792717,0.122775019,34,288.73,KMeans_32,0.875,0.75,1,0.716544723,0.716666667,1.22E-04,0.083574149,0.221875,0.138300851,32,65.33
Lab41/Dendrite,101,17,6344,92,25,JavaScript,13,18,Lab41,Dendrite,KMeans_39,0.826515152,0.833325818,1.181818182,0.771792094,0.771946898,1.55E-04,0.125430229,0.143192918,0.017762689,39,367.74,KMeans_48,0.76412037,0.771116255,1.083333333,0.783720121,0.783829365,1.09E-04,0.136332267,0.172123016,0.035790748,48,93.66
pibigstar/parsevip,90,17,17399,87,28,Java,3,0,pibigstar,parsevip,KMeans_37,0.875,0.698723152,1,0.909837766,0.90990991,7.21E-05,0.188313313,0.216216216,0.027902903,37,250.68,KMeans_39,0.875,0.698723152,1,0.940109019,0.94017094,6.19E-05,0.150359874,0.17948718,0.029127305,39,68.76
OCR4all/OCR4all,47,18,3648,86,15,JavaScript,22,13,OCR4all,OCR4all,KMeans_23,0.829435362,0.960911586,1,0.676800212,0.678674948,0.001874736,0.336583224,0.407453416,0.070870193,23,305.66,KMeans_23,0.829435362,0.960911586,1,0.682183235,0.684057971,0.001874736,0.337384717,0.408695652,0.071310935,23,77.03
Vino007/javaEEScaffold,45,21,7221,84,53,JavaScript,14,2,Vino007,javaEEScaffold,KMeans_16,0.716666667,0.771428571,1,0.825416667,0.827083333,0.001666667,0.103645833,0.191666667,0.088020833,16,154.32,KMeans_21,0.716666667,0.771428571,1,0.903922902,0.904761905,0.000839002,-0.00515873,0.166666667,0.171825397,21,43.87
GdeiAssistant/GdeiAssistant,455,84,18586,79,38,Java,7,0,GdeiAssistant,GdeiAssistant,KMeans_77,0.787094085,0.919705003,1.315789474,0.559470262,0.559491754,2.15E-05,0.282402609,0.288012633,0.005610024,77,1367.54,KMeans_79,0.762890443,0.911986825,1.363636364,0.570066528,0.570089072,2.25E-05,0.29254731,0.299446693,0.006899383,79,324.01
JoeyBling/bootplus,150,13,40245,58,23,JavaScript,3,0,JoeyBling,bootplus,KMeans_74,0.681457432,0.382337662,1,0.918906994,0.918918919,1.19E-05,0.129674195,0.15990991,0.030235715,74,402.28,KMeans_53,0.681457432,0.382337662,1,0.793866162,0.793890386,2.42E-05,0.25243106,0.275022462,0.022591402,53,102.65
forTribeforXuanmo/sword-forum,79,12,9186,57,29,JavaScript,1,4,forTribeforXuanmo,sword-forum,KMeans_39,0.690476191,0.476190476,1,0.846110137,0.846153846,4.37E-05,-0.115272155,0.08974359,0.205015745,39,242.07,KMeans_32,0.690476191,0.476190476,1,0.656176834,0.65625,7.32E-05,0.041498656,0.1875,0.146001344,32,57.1
superman544/JavaOJSystem,192,20,6748,47,25,JavaScript,4,2,superman544,JavaOJSystem,KMeans_70,0.373624339,0.827422,1.2,0.728283395,0.728310658,2.73E-05,0.220750559,0.233548753,0.012798194,70,646.26,KMeans_79,0.377752976,0.812833345,1.125,0.747448128,0.747468354,2.02E-05,0.200165666,0.214416315,0.014250649,79,160.23
iminto/baicai,84,12,23464,41,29,HTML,8,0,iminto,baicai,KMeans_22,0.95,0.4,1,0.908922247,0.909090909,0.000168663,-0.001443001,0.113636364,0.115079365,22,150.62,KMeans_19,0.95,0.4,1,0.80688075,0.807017544,0.000136794,0.05994152,0.184210526,0.124269006,19,45.82
Jannchie/biliob_backend,200,22,1111,37,11,Java,0,4,Jannchie,biliob_backend,KMeans_77,0.690096618,0.776604555,1,0.794010745,0.794018103,7.36E-06,0.283741853,0.290791027,0.007049174,77,621.43,KMeans_73,0.690096618,0.776604555,1,0.750980948,0.750989346,8.40E-06,0.290231006,0.299695586,0.00946458,73,144.79
Lotharing/SDIMS,112,20,799,34,7,Java,0,6,Lotharing,SDIMS,KMeans_50,1,0.70001462,1,0.75641877,0.756666667,2.48E-04,0.167882653,0.231666667,0.063784014,50,338.22,KMeans_54,1,0.70001462,1,0.84651639,0.846707819,1.91E-04,0.104713422,0.18287037,0.078156948,54,94.59
kanban/kanban-app,140,12,1380,34,23,Java,9,5,kanban,kanban-app,KMeans_29,0.638556104,0.921928924,1,0.8641622,0.864295666,1.33E-04,0.154635953,0.181233517,0.026597564,29,318.49,KMeans_54,0.638556104,0.921928924,1,0.944400494,0.944444444,4.40E-05,0.067813883,0.135802469,0.067988586,54,86.33
cloudfoundry-attic/login-server,133,23,7777,32,52,Java,77,3,cloudfoundry-attic,login-server,KMeans_40,0.822222222,0.829657477,1,0.974927679,0.975,7.23E-05,0.103632479,0.133333333,0.029700855,40,262.57,KMeans_42,0.822222222,0.829657477,1,0.968186521,0.968253968,6.74E-05,0.087591947,0.119047619,0.031455672,42,68.4
tangdu/smh2,111,25,92244,27,22,JavaScript,7,0,tangdu,smh2,KMeans_54,0.700956094,0.879337232,1.222222222,0.817850447,0.817901235,5.08E-05,0.226783912,0.25617284,0.029388928,54,388.36,KMeans_53,0.692652361,0.879337232,1.222222222,0.876672684,0.87672956,5.69E-05,0.215303983,0.244968554,0.02966457,53,112.3
qiao-zhi/jwxt,595,76,25888,26,8,Java,7,2,qiao-zhi,jwxt,KMeans_76,0.55500034,0.81161299,1.631578947,0.327455582,0.327673003,0.000217421,0.222283326,0.222436438,0.000153112,76,2954.52,KMeans_77,0.518783812,0.745183412,2.48,0.326792315,0.327009451,0.000217135,0.250898995,0.251031215,0.00013222,77,698.79
shuxianfeng/movision,886,80,33626,21,20,Java,2,0,shuxianfeng,movision,KMeans_74,0.989663102,0.607776018,8.875,0.51771158,0.517744614,3.30E-05,0.3170401,0.318627871,0.001587771,74,2724.56,KMeans_77,0.967040095,0.647155329,10.14285714,0.521643807,0.521676512,3.27E-05,0.329444253,0.330806065,0.001361812,77,637.99
leluque/university-site-cms,254,23,35036,21,13,JavaScript,8,9,leluque,university-site-cms,KMeans_79,0.65099359,0.827797515,1,0.808312757,0.808338356,2.56E-05,0.223798329,0.237768736,0.013970407,79,705.86,KMeans_76,0.639036427,0.818150407,1.111111111,0.791844128,0.791875522,3.14E-05,0.189888773,0.203931704,0.014042931,76,160.79
ghostxbh/uzy-ssm-mall,89,19,10103,19,11,Java,1,0,ghostxbh,uzy-ssm-mall,KMeans_44,0.80914787,0.795044768,1.285714286,0.839230796,0.839393939,1.63E-04,0.219500235,0.275757576,0.056257341,44,324.69,KMeans_42,0.824093567,0.808739315,1.2,0.785528132,0.785714286,1.86E-04,0.256855723,0.317460318,0.060604594,42,96.28
kai8406/cmop,237,34,17904,17,13,Java,8,1,kai8406,cmop,KMeans_78,0.763007055,0.805820106,1.259259259,0.799607184,0.799632134,2.50E-05,0.163718153,0.189230926,0.025512773,78,747.76,KMeans_75,0.760645098,0.815462423,1.259259259,0.741447458,0.741481482,3.40E-05,0.19098309,0.225306397,0.034323307,75,177.82
mozammel/mNet,148,21,2666,15,14,JavaScript,13,3,mozammel,mNet,KMeans_66,0.662263508,0.764405193,1,0.951991295,0.952020202,2.89E-05,0.160026548,0.194444444,0.034417897,66,407.05,KMeans_64,0.662263508,0.764405193,1,0.898405022,0.8984375,3.25E-05,0.208901703,0.233072917,0.024171214,64,107.58
easy-ware/api-manager,181,90,21297,15,7,Java,4,5,easy-ware,api-manager,KMeans_79,0.839742064,0.943055556,1,0.904569083,0.90464135,7.23E-05,0.139936979,0.189873418,0.049936438,79,516.01,KMeans_63,0.839742064,0.943055556,1,0.791925587,0.792063492,0.000137905,0.247745634,0.287301587,0.039555954,63,139.42
lvr1997/ershoujiaoyi,78,11,8678,14,7,Java,0,7,lvr1997,ershoujiaoyi,KMeans_39,0.851503759,0.831644737,1.1,0.905578594,0.905982906,0.000404312,0.171127605,0.256410256,0.085282651,39,287.84,KMeans_39,0.851503759,0.831644737,1.1,0.879870183,0.88034188,0.000471697,0.199955016,0.286324786,0.086369771,39,83.88
GZzzhsmart/P2Pproj,275,42,98201,13,8,JavaScript,1,4,GZzzhsmart,P2Pproj,KMeans_72,0.512959021,0.661810355,1.057142857,0.652376895,0.652408274,3.14E-05,0.370646394,0.377215785,0.006569391,72,828.41,KMeans_78,0.512502684,0.669534422,1.15625,0.667653933,0.667685093,3.12E-05,0.395598189,0.403764291,0.008166102,78,188.98
HIIT/dime-server,91,12,97425,13,7,Java,27,23,HIIT,dime-server,KMeans_44,0.554617331,0.859835248,1,0.784043977,0.784090909,4.69E-05,0.113702431,0.150757576,0.037055144,44,339.97,KMeans_45,0.554617331,0.859835248,1,0.699221508,0.699259259,3.78E-05,0.16581229,0.191851852,0.026039562,45,108.62
doooyo/Weixin_Server,303,32,4538,13,11,Java,4,0,doooyo,Weixin_Server,KMeans_78,0.864400013,0.880970047,1.117647059,0.730751932,0.730769231,1.73E-05,0.214254496,0.256623932,0.042369436,78,529.73,KMeans_75,0.858965583,0.871853033,1.1875,0.731090723,0.731111111,2.04E-05,0.231706707,0.273333333,0.041626627,75,138.1
fishstormX/fishmaple,173,21,5532,11,1,JavaScript,2,6,fishstormX,fishmaple,KMeans_74,0.850566893,0.817888637,1,0.825216453,0.825225225,8.77E-06,0.162730882,0.196621622,0.03389074,74,545.87,KMeans_73,0.850566893,0.817888637,1,0.758894843,0.75890411,9.27E-06,0.216140813,0.253881279,0.037740466,73,116.08
opendevstack/ods-provisioning-app,146,11,1516,11,15,Java,26,47,opendevstack,ods-provisioning-app,KMeans_57,0.448958333,0.554672619,1,0.831751502,0.831773879,2.24E-05,0.207463102,0.232261209,0.024798106,57,439.18,KMeans_73,0.448958333,0.554672619,1,0.898874557,0.898891063,1.65E-05,0.110243622,0.151663405,0.041419783,73,107.77
starqiu/RDMP1,60,30,24114,10,12,Java,5,0,starqiu,RDMP1,KMeans_17,0.6,0.654285714,1,0.744178922,0.745098039,0.000919118,0.065563725,0.235294118,0.169730392,17,144.92,KMeans_16,0.6,0.654285714,1,0.686458333,0.6875,0.001041667,0.181481482,0.28125,0.099768519,16,43.13
yorkmass/Yark-AdminMS,69,12,41214,9,0,JavaScript,1,1,yorkmass,Yark-AdminMS,KMeans_34,0.619642857,0.66847194,1,0.85281408,0.852941177,0.000127097,0.12188057,0.191176471,0.0692959,34,227.83,KMeans_31,0.619642857,0.66847194,1,0.827795121,0.827956989,0.000161868,0.108422939,0.180107527,0.071684588,31,54.24
768330962/poet_ready_system,57,14,1629,8,5,HTML,0,3,768330962,poet_ready_system,KMeans_16,0.940476191,0.471851436,1,0.923402778,0.927083333,0.003680556,0.277951389,0.322916667,0.044965278,16,248.13,KMeans_15,0.940476191,0.471851436,1,0.884353742,0.888888889,0.004535147,0.309126984,0.338888889,0.029761905,15,61.3
suyeq/steamMall,120,13,6524,8,2,CSS,2,2,suyeq,steamMall,KMeans_56,0.977941177,0.670787599,1,0.810651037,0.810714286,6.32E-05,0.157393579,0.192261905,0.034868326,56,419.7,KMeans_60,0.977941177,0.670787599,1,0.808832392,0.808888889,5.65E-05,0.175559087,0.220833333,0.045274247,60,112.29
zlren/noah-health,86,12,320,8,6,Java,3,0,zlren,noah-health,KMeans_28,0.906073724,0.967471822,1,0.859068895,0.85952381,0.000454914,0.156525573,0.265476191,0.108950617,28,245.49,KMeans_29,0.906073724,0.967471822,1,0.863973485,0.864367816,0.000394331,0.176939655,0.273563218,0.096623563,29,76.53
khasang/delivery,218,11,7443,6,6,Java,8,5,khasang,delivery,KMeans_59,0.797698413,0.779264069,1,0.853683319,0.853714745,3.14E-05,0.274173507,0.27672562,0.002552114,59,690.22,KMeans_70,0.797698413,0.779264069,1,0.893823853,0.893845285,2.14E-05,0.25368185,0.257287785,0.003605935,70,136.8
TexnologiaLogismikou/Fiz,199,18,1160,6,0,Java,5,3,TexnologiaLogismikou,Fiz,KMeans_51,0.728409091,0.731845238,1,0.946278508,0.946405229,0.00012672,0.120721569,0.194117647,0.073396078,51,407.08,KMeans_52,0.728409091,0.731845238,1,0.958863455,0.958974359,0.000110904,0.11293992,0.187179487,0.074239568,52,98.96
wang007/live-server,238,23,6130,6,5,JavaScript,4,0,wang007,live-server,KMeans_78,0.68877551,0.760891634,1.047619048,0.777804785,0.777838828,3.40E-05,0.256205023,0.26687095,0.010665926,78,721.8,KMeans_79,0.706547619,0.778936216,1.1,0.753422819,0.753455897,3.31E-05,0.244559748,0.258077155,0.013517407,79,160.34
zxwgdft/paladin-boot,328,17,97803,6,0,JavaScript,1,0,zxwgdft,paladin-boot,KMeans_72,0.185863095,0.539937642,1,0.668569307,0.668578644,9.34E-06,0.350941423,0.35757676,0.006635337,72,862.16,KMeans_75,0.185863095,0.539937642,1,0.674632237,0.674643275,1.10E-05,0.346267688,0.354961571,0.008693882,75,180.57
shenshaoming/byte_easy,55,12,13225,5,4,JavaScript,1,0,shenshaoming,byte_easy,KMeans_15,0.685714286,0.908786848,1,0.837188209,0.84,0.002811791,0.249365079,0.316666667,0.067301587,15,185.69,KMeans_19,0.685714286,0.908786848,1,0.910160391,0.912280702,0.002120311,0.145224172,0.236842105,0.091617934,19,43.29
nimble-platform/business-process-service,222,47,2798,5,3,Java,5,16,nimble-platform,business-process-service,KMeans_77,0.743571429,0.697362434,1.08,0.888250533,0.888287092,3.66E-05,0.062774641,0.1545061,0.091731459,77,574.98,KMeans_79,0.763049451,0.72823311,1.038461538,0.872961438,0.872995781,3.43E-05,0.086898419,0.158122363,0.071223944,79,153.88
codemky/uni,615,89,1444,5,0,Java,2,2,codemky,uni,KMeans_73,0.662221083,0.967557736,2.179487179,0.278090498,0.278452047,0.00036155,0.207804411,0.208246705,0.000442294,73,3204.26,KMeans_76,0.689437999,0.992107904,3.863636364,0.287644583,0.287978594,0.00033401,0.215166564,0.215750063,0.0005835,76,783.16
aramsoft/aramcomp,345,72,21307,5,5,Java,1,1,aramsoft,aramcomp,KMeans_78,0.681441246,0.92349257,1.101694915,0.567208366,0.567338217,0.000129851,0.326993047,0.342094017,0.01510097,78,1066.83,KMeans_79,0.675469927,0.918342059,1.120689655,0.565556566,0.565682138,0.000125572,0.327658927,0.347026321,0.019367394,79,242.18
bao17634/Warehouse-system,76,13,1787,5,1,JavaScript,1,1,bao17634,Warehouse-system,KMeans_26,0.782275132,0.818570484,1,0.736885996,0.737179487,0.000293491,0.194807692,0.237820513,0.043012821,26,245.15,KMeans_33,0.782275132,0.818570484,1,0.787713786,0.787878788,0.000165002,0.124684343,0.207070707,0.082386364,33,83.05
shigenwang/membership,153,18,60199,5,7,Java,1,0,shigenwang,membership,KMeans_76,0.87,0.94952381,1,0.570523669,0.570614035,9.04E-05,0.275022417,0.297368421,0.022346004,76,635.9,KMeans_76,0.869897959,0.921525753,1.071428571,0.545449563,0.545551378,1.02E-04,0.313685046,0.331296993,0.017611947,76,167
sfx478076717/goldenarches,56,11,18294,4,0,Java,0,0,sfx478076717,goldenarches,KMeans_28,0.837142857,0.957653061,1,0.821001652,0.821428571,0.00042692,0.256834215,0.357142857,0.100308642,28,220.9,KMeans_23,0.846296296,0.960090703,1.111111111,0.767475407,0.768115942,0.000640535,0.299681599,0.376811594,0.077129996,23,65.96
dp2-g56/Dp2-L02,245,40,1002,4,1,Java,2,0,dp2-g56,Dp2-L02,KMeans_78,0.724354593,0.533050429,1.636363636,0.695014288,0.695153564,0.000139277,0.22169812,0.236688312,0.014990192,78,682.12,KMeans_77,0.76320647,0.554511732,1.5,0.693101997,0.693207586,0.000105589,0.230872859,0.25197382,0.021100961,77,171.02
wangwang1230/te-empl,156,24,29367,4,5,Java,1,0,wangwang1230,te-empl,KMeans_76,0.874900794,0.968339002,1,0.907825916,0.907894737,6.88E-05,0.100438597,0.171052632,0.070614035,76,368.8,KMeans_67,0.874900794,0.968339002,1,0.83075065,0.830845771,9.51E-05,0.17076235,0.223880597,0.053118247,67,111.72
ElectiveTeam/elective_system,97,15,3692,4,0,JavaScript,1,0,ElectiveTeam,elective_system,KMeans_46,0.678932179,0.905048215,1.181818182,0.715067096,0.715217391,1.50E-04,0.24026087,0.25615942,0.015898551,46,355.9,KMeans_45,0.664021164,0.935920047,1.083333333,0.672201379,0.672380952,1.80E-04,0.281122335,0.306190476,0.025068142,45,115.27
75193982/HyLMS,535,141,13852,4,6,Java,0,0,75193982,HyLMS,KMeans_79,0.852444944,0.977119482,1.348484848,0.592809446,0.593016134,0.000206688,0.29687465,0.304045848,0.007171198,79,1555.88,KMeans_79,0.852034811,0.978718298,1.483333333,0.555963168,0.55617702,0.000213852,0.307423189,0.312746954,0.005323765,79,397.32
next-step/jwp-jdbc,117,16,2932,4,40,Java,7,1,next-step,jwp-jdbc,KMeans_27,1,1,1,0.925382099,0.925925926,0.000543827,0.096509972,0.12962963,0.033119658,27,173.12,KMeans_28,1,1,1,0.892241259,0.892857143,0.000615884,0.092592593,0.125,0.032407407,28,45.27
KongZouXiang/TradeSteward,232,40,13484,4,1,JavaScript,1,1,KongZouXiang,TradeSteward,KMeans_73,0.609745897,0.704873985,1,0.740145002,0.740182648,3.76E-05,0.294532703,0.325570776,0.031038073,73,597.07,KMeans_79,0.609745897,0.704873985,1,0.731615652,0.73164557,2.99E-05,0.285179325,0.308227848,0.023048523,79,148.1
skyisbule/nanfeng,71,13,5421,4,3,Java,0,2,skyisbule,nanfeng,KMeans_35,0.782051282,0.923076923,1,0.53082127,0.531428571,0.000607302,0.311890756,0.32,0.008109244,35,377.5,KMeans_33,0.782051282,0.923076923,1,0.55586619,0.556565657,0.000699466,0.309335543,0.317171717,0.007836174,33,142.05
mingslife/LightCMS,103,17,7736,4,0,JavaScript,1,0,mingslife,LightCMS,KMeans_48,0.596153846,0.72014652,1,0.951245064,0.951388889,0.000143825,0.117169031,0.163194444,0.046025414,48,274.62,KMeans_38,0.596153846,0.72014652,1,0.833068263,0.833333333,0.00026507,0.263394974,0.285087719,0.021692745,38,84.16
yaowuya/lprapm,105,26,57665,4,0,JavaScript,1,1,yaowuya,lprapm,KMeans_51,0.624890543,0.643526006,2.142857143,0.787472818,0.787581699,1.09E-04,0.220059913,0.24754902,0.027489107,51,343.57,KMeans_47,0.611685432,0.62325869,2.5,0.743832999,0.743971631,1.39E-04,0.234439562,0.260992908,0.026553346,47,113.53
yShen868/ssm03,94,14,2169,4,1,JavaScript,1,5,yShen868,ssm03,KMeans_44,0.60862451,0.747994017,1,0.673966421,0.674242424,2.76E-04,0.27011393,0.325757576,0.055643646,44,294.01,KMeans_46,0.60862451,0.747994017,1,0.666449159,0.666666667,2.18E-04,0.282112185,0.326086957,0.043974772,46,96.52
dagilmore/Riddlin,51,12,25836,4,0,Java,1,0,dagilmore,Riddlin,KMeans_21,1,0.638888889,1,0.904285714,0.904761905,0.00047619,0.16521164,0.277777778,0.112566138,21,177.58,KMeans_21,1,0.638888889,1,0.83446712,0.834920635,0.000453515,0.203108466,0.249206349,0.046097884,21,48.99
chenzhq/WsMonitor,246,16,4520,4,2,JavaScript,2,8,chenzhq,WsMonitor,KMeans_78,0.921296296,0.714880952,1.25,0.689392498,0.68942022,2.77E-05,0.253133647,0.260384006,0.007250359,78,783.8,KMeans_77,0.822222222,0.657857143,1.5,0.761611368,0.761636831,2.55E-05,0.211324144,0.221879757,0.010555614,77,206.66
parkkyoung/f4mall,59,15,15349,4,0,JavaScript,0,0,parkkyoung,f4mall,KMeans_15,0.975,1,1.076923077,0.691919879,0.695185185,0.003265306,0.275842152,0.306111111,0.030268959,15,232.95,KMeans_17,0.991071429,1,1,0.665597366,0.668300654,0.002703287,0.272126906,0.321078431,0.048951525,17,65.49
zhouweiwei18/HospitalSystem,210,29,30769,3,8,JavaScript,1,5,zhouweiwei18,HospitalSystem,KMeans_79,0.518821675,0.788476874,1.272727273,0.430891999,0.431002612,0.000110613,0.351914104,0.352601267,0.000687162,79,1068.07,KMeans_75,0.540908276,0.704151573,1.473684211,0.459846313,0.459970719,0.000124405,0.31135576,0.311673884,0.000318123,75,321.13
uq-eresearch/lorestore,85,11,2095,3,3,JavaScript,3,12,uq-eresearch,lorestore,KMeans_27,0.458333333,0.25,1,0.777485572,0.777777778,0.000292205,0.100071225,0.185185185,0.08511396,27,173.51,KMeans_35,0.458333333,0.25,1,0.942690488,0.942857143,0.000166655,-0.09789916,0.028571429,0.126470588,35,47.77
isa-group/ideas-studio,115,20,9401,3,5,JavaScript,11,100,isa-group,ideas-studio,KMeans_49,0.768452381,0.63349359,1,0.959124381,0.959183674,5.93E-05,0.058956916,0.132653061,0.073696145,49,252.25,KMeans_36,0.797830688,0.620911681,1.066666667,0.87952381,0.87962963,0.00010582,0.166402116,0.222222222,0.055820106,36,89.62
smartcommunitylab/smartcampus.vas.corsi.web,65,13,1828,3,0,JavaScript,33,0,smartcommunitylab,smartcampus.vas.corsi.web,KMeans_31,0.561721612,0.893627052,1,0.71896173,0.719354839,0.000393109,1.45E-01,2.76E-01,1.32E-01,31,266.69,KMeans_29,0.561721612,0.893627052,1,0.729387593,0.729885058,0.000497464,1.39E-01,2.61E-01,1.23E-01,29,88.36
xiongzhenhai-zh/produce-project-managerment,113,14,2409,3,0,Java,0,0,xiongzhenhai-zh,produce-project-managerment,KMeans_48,0.76734127,1,1,0.83660986,0.836805556,0.000195696,0.221674916,0.273263889,0.051588973,48,368.43,KMeans_39,0.76734127,1,1,0.83039588,0.830769231,0.000373351,0.259770205,0.297435897,0.037665692,39,139.12
XMFBee/AuthPlatform1,281,63,13445,3,0,JavaScript,0,0,XMFBee,AuthPlatform1,KMeans_74,0.556285043,0.694590033,1.276595745,0.75829584,0.758402071,0.000106231,0.235412632,0.262420294,0.027007661,74,791.87,KMeans_77,0.572854971,0.698518147,1.363636364,0.722043318,0.722151009,0.000107692,0.310601562,0.330533536,0.019931974,77,215.27
scrumtracker/scrumtracker2017,44,13,69555,3,2,Java,5,1,scrumtracker,scrumtracker2017,KMeans_14,0.923396301,0.829437594,1,0.952278308,0.95952381,0.007245502,0.13290293,0.233333333,0.100430403,14,168.1,KMeans_16,0.923396301,0.829437594,1,0.972986111,0.979166667,0.006180556,0.080671296,0.197916667,0.11724537,16,45.82
danbaixidanbai/OCproject,77,15,1889,3,0,JavaScript,0,2,danbaixidanbai,OCproject,KMeans_38,1,0.411330698,1,0.938382007,0.938596491,0.000214484,0.172435594,0.236842105,0.064406512,38,247.44,KMeans_38,1,0.411330698,1,0.920848265,0.921052632,0.000204367,0.15595859,0.223684211,0.06772562,38,79.75
CrazyZhao/zblog,63,13,3603,3,1,HTML,1,0,CrazyZhao,zblog,KMeans_30,0.858974359,0.775030525,1,0.832709737,0.833333333,0.000623596,0.163186462,0.25,0.086813538,30,220.04,KMeans_31,0.858974359,0.775030525,1,0.81661695,0.817204301,0.000587351,0.144683393,0.241935484,0.097252091,31,57.61
holagoldfish/H5APP-java,39,15,239,3,1,Java,0,0,holagoldfish,H5APP-java,KMeans_17,0.95,0.938095238,1,0.847505767,0.849019608,0.001513841,0.146609477,0.266666667,0.12005719,17,172.39,KMeans_16,0.95,0.938095238,1,0.837708333,0.839583333,0.001875,0.158958333,0.278125,0.119166667,16,45.58
orgqy88cckz/AccumulationFund,134,28,3919,3,0,JavaScript,0,0,orgqy88cckz,AccumulationFund,KMeans_61,1,0.270049487,1,0.969894294,0.969945355,5.11E-05,0.484528689,0.484699454,0.000170765,61,465.34,KMeans_61,1,0.275691673,1.037037037,0.969894294,0.969945355,5.11E-05,0.484528689,0.484699454,0.000170765,61,133.93
LiJiuRi/jie_you_ba,102,18,4748,3,1,Java,0,0,LiJiuRi,jie_you_ba,KMeans_42,0.758333333,0.777777778,1,0.834600935,0.834920635,0.0003197,0.331037876,0.353571429,0.022533553,42,322.61,KMeans_50,0.758333333,0.777777778,1,0.883126753,0.883333333,0.000206581,0.296740363,0.326666667,0.029926304,50,142.12
RMHM/miniMap,83,12,17285,3,0,JavaScript,0,0,RMHM,miniMap,KMeans_33,0.787863934,0.825371538,1,0.731397272,0.731601732,0.000204459,0.247596783,0.273845599,0.026248816,33,324.95,KMeans_34,0.787863934,0.825371538,1,0.702785483,0.702941177,0.000155693,0.270694692,0.307843137,0.037148445,34,96.71
nullcodeexecutor/pts,174,27,3020,2,0,JavaScript,1,0,nullcodeexecutor,pts,KMeans_76,0.920634921,0.191919192,1.19047619,0.772290243,0.772368421,7.82E-05,0.326333333,0.335307018,0.008973684,76,721.03,KMeans_76,0.924242424,0.215151515,1.136363636,0.735885626,0.735964912,7.93E-05,0.305544591,0.319298246,0.013753655,76,174.39
YouAreOnlyOne/CommunityInformationForWeb,163,23,7163,2,1,JavaScript,2,0,YouAreOnlyOne,CommunityInformationForWeb,KMeans_79,0.560232192,0.906709957,1,0.864949196,0.864978903,2.97E-05,0.127508655,0.167721519,0.040212864,79,389.72,KMeans_79,0.560232192,0.906709957,1,0.876763436,0.876793249,2.98E-05,0.112817808,0.15021097,0.037393162,79,113.32
gvSIGAssociation/gvsig-web,127,51,6145,2,0,JavaScript,13,0,gvSIGAssociation,gvsig-web,KMeans_36,0.617732268,0.789177069,1,0.83776392,0.837962963,0.000199043,0.152826279,0.203240741,0.050414462,36,273.28,KMeans_44,0.617732268,0.789177069,1,0.848359697,0.848484849,0.000125151,0.125484496,0.185606061,0.060121564,44,84.56
hongqiang/shopb2b,465,91,3060,2,1,Java,4,0,hongqiang,shopb2b,KMeans_78,0.464921149,0.302733415,2.444444444,0.654655122,0.654691716,3.66E-05,0.225782062,0.231990506,0.006208444,78,1548.66,KMeans_76,0.480060323,0.281846459,2,0.587583868,0.587647026,6.32E-05,0.214733893,0.223886585,0.009152692,76,367.04
AaronSum/hotel-mgr-sys,498,31,5100,2,2,Java,1,0,AaronSum,hotel-mgr-sys,KMeans_73,0.523659463,0.54895503,4.5,0.27262278,0.272839391,0.000216611,0.301963451,0.302637262,0.00067381,73,2066.64,KMeans_76,0.563778472,0.611306475,6.75,0.269559956,0.269772452,0.000212496,0.312017326,0.312371243,0.000353917,76,558.11
amit-an/webapp_war_sample,334,105,7994,2,2,Java,0,0,amit-an,webapp_war_sample,KMeans_77,0.74930923,0.721898883,1.592592593,0.810104976,0.810183467,7.85E-05,0.115517625,0.137682952,0.022165327,77,672.53,KMeans_72,0.683325165,0.62281661,1.622641509,0.772119668,0.772222222,0.000102554,0.155011234,0.186160714,0.03114948,72,164.12
SupermePower/zammc-manage,119,18,4059,2,0,JavaScript,1,0,SupermePower,zammc-manage,KMeans_56,0.555602241,1,1,0.791570107,0.791666667,9.66E-05,0.243465909,0.276785714,0.033319805,56,360.61,KMeans_59,0.555602241,1,1,0.790871298,0.790960452,8.92E-05,0.219961524,0.255649718,0.035688194,59,107.33
dtdhehe/ptu-life,66,12,5615,2,0,HTML,0,0,dtdhehe,ptu-life,KMeans_28,0.893939394,0.851515152,1.090909091,0.904285994,0.904761905,0.000475911,0.052505879,0.214285714,0.161779835,28,229.52,KMeans_31,0.909722222,0.8625,1,0.870574633,0.870967742,0.000393109,0.075,0.241935484,0.166935484,31,67.29
lancelee98/PeopleMange,182,22,5014,2,1,Java,0,0,lancelee98,PeopleMange,KMeans_72,0.854114453,0.577371459,1,0.879611568,0.87962963,1.81E-05,0.120462746,0.164351852,0.043889106,72,372.39,KMeans_79,0.854114453,0.577371459,1,0.898719324,0.898734177,1.49E-05,0.106702369,0.14556962,0.038867251,79,109.57
jeezhau/ec-server,149,20,1244,2,0,Java,1,0,jeezhau,ec-server,KMeans_71,0.766970121,0.658809323,1,0.791483387,0.791549296,6.59E-05,0.16724279,0.246244132,0.079001341,71,467.33,KMeans_71,0.766970121,0.658809323,1,0.730915959,0.730985916,7.00E-05,0.211227923,0.3,0.088772077,71,137.77
litbo/hospitalzj,185,26,6518,2,0,JavaScript,0,0,litbo,hospitalzj,KMeans_60,0.605831668,0.878636592,1,0.82439497,0.824444444,4.95E-05,0.330732894,0.343333333,0.012600439,60,458.15,KMeans_58,0.605831668,0.878636592,1,0.759713022,0.759770115,5.71E-05,0.400610002,0.412356322,0.01174632,58,122.21
fawks96/pet-hospital,74,11,28850,2,1,Java,0,5,fawks96,pet-hospital,KMeans_37,0.714285714,0.718253968,1,0.71765749,0.718146718,0.000489228,0.257951404,0.25997426,0.002022856,37,318.53,KMeans_34,0.714285714,0.718253968,1,0.668096822,0.668627451,0.000530629,0.350143593,0.352941177,0.002797584,34,100.77
xabaohui/zis,553,135,1591,2,1,Java,1,24,xabaohui,zis,KMeans_79,0.639291994,0.681763867,1.489795918,0.630653692,0.630679713,2.60E-05,0.294076043,0.300669058,0.006593015,79,1426.97,KMeans_79,0.618713855,0.667420943,1.489795918,0.619692461,0.619718586,2.61E-05,0.291940257,0.299553063,0.007612806,79,333.11
RoyZeng/gmhx,402,60,3584,2,2,Java,1,0,RoyZeng,gmhx,KMeans_79,0.726888388,0.927544963,1.71875,0.71837806,0.718446008,6.79E-05,0.350001272,0.351650461,0.001649189,79,1549.66,KMeans_79,0.725646847,0.934310568,1.833333333,0.736905379,0.736982597,7.72E-05,0.356133,0.358342732,0.002209732,79,388.95
eea/eionet.webq,196,21,25967,2,3,Java,50,3,eea,eionet.webq,KMeans_64,0.668073593,0.674444516,1,0.942673395,0.942708333,3.49E-05,0.142660797,0.180989583,0.038328786,64,349.48,KMeans_61,0.668073593,0.674444516,1,0.926197856,0.926229508,3.17E-05,0.138010018,0.174043716,0.036033698,61,107.45
Maxcj/Maxcj,177,23,13468,2,0,JavaScript,0,2,Maxcj,Maxcj,KMeans_78,0.904123534,0.458118452,1,0.884603076,0.884615385,1.23E-05,0.170343545,0.22008547,0.049741925,78,411.04,KMeans_75,0.904123534,0.458118452,1,0.831096307,0.831111111,1.48E-05,0.199617117,0.248888889,0.049271772,75,123.3
qwe7783131/CareerDevelopment,193,37,2167,2,0,HTML,0,2,qwe7783131,CareerDevelopment,KMeans_77,0.973571712,0.694355737,1.103448276,0.894789247,0.894867038,7.78E-05,0.271524835,0.286425479,0.014900644,77,565.22,KMeans_64,0.959770115,0.673993893,1.103448276,0.81826135,0.818377976,0.000116627,0.338296407,0.349720982,0.011424576,64,153.2
zhaowei520/CDCXH,236,33,68563,2,1,Java,0,1,zhaowei520,CDCXH,KMeans_78,0.430852745,0.726755169,1.19047619,0.61802114,0.618070818,4.97E-05,0.240746284,0.275259463,0.034513179,78,633.91,KMeans_78,0.433686517,0.721631754,1.25,0.614517747,0.61456044,4.27E-05,0.241581203,0.281761294,0.040180091,78,176.45
JavaFX-Point-of-Sales-master/JavaFX-Point-of-Sales-master,55,0,0,0,0,java,0,0,JavaFX-Point-of-Sales-master,JavaFX-Point-of-Sales-master,KMeans_26,0.79833937,0.598381386,1.692307692,0.860714793,0.861538462,0.000823669,0.17308547,0.187179487,0.014094017,26,258.554626,KMeans_25,0.795726343,0.593397409,1.466666667,0.828233333,0.829333333,0.0011,0.145981482,0.165333333,0.019351852,25,68.95548081
spring-petclinic-main/spring-petclinic-main,23,0,0,0,0,Java,0,0,spring-petclinic-main,spring-petclinic-main,KMeans_5,0.660087719,0.849715883,1.5,0.59952381,0.60952381,0.01,0.296428571,0.328571429,0.032142857,5,101.286541,KMeans_5,0.586147186,0.780537862,1.2,0.403333333,0.413333333,0.01,0.238333333,0.413333333,0.175,5,35.3976512
jforum3-master/jforum3-master,232,0,0,0,0,java,0,0,jforum3-master,jforum3-master,KMeans_79,0.910323734,0.653418535,1.086956522,0.787590403,0.787605784,1.54E-05,0.203201207,0.211316391,0.008115184,79,769.5570672,KMeans_52,0.932823129,0.709087547,1.19047619,0.669958141,0.669992834,3.47E-05,0.258051597,0.267916438,0.009864841,52,253.3991911