{
  "microservices": [
    {
      "microservice": {
        "default": [
          {
            "service": [
              {
                "className": "org.springframework.samples.petclinic.owner.Owner"
              },
              {
                "className": "org.springframework.samples.petclinic.owner.OwnerController"
              },
              {
                "className": "org.springframework.samples.petclinic.owner.OwnerRepository"
              },
              {
                "className": "org.springframework.samples.petclinic.owner.Pet"
              },
              {
                "className": "org.springframework.samples.petclinic.owner.PetController"
              },
              {
                "className": "org.springframework.samples.petclinic.owner.PetType"
              },
              {
                "className": "org.springframework.samples.petclinic.owner.VisitController"
              }
            ]
          }
        ]
      }
    },
    {
      "microservice": {
        "default": [
          {
            "service": [
              {
                "className": "org.springframework.samples.petclinic.model.BaseEntity"
              },
              {
                "className": "org.springframework.samples.petclinic.model.NamedEntity"
              },
              {
                "className": "org.springframework.samples.petclinic.owner.Visit"
              },
              {
                "className": "org.springframework.samples.petclinic.vet.Specialty"
              }
            ]
          }
        ]
      }
    },
    {
      "microservice": {
        "default": [
          {
            "service": [
              {
                "className": "org.springframework.samples.petclinic.owner.PetValidator"
              }
            ]
          }
        ]
      }
    },
    {
      "microservice": {
        "default": [
          {
            "service": [
              {
                "className": "org.springframework.samples.petclinic.owner.PetTypeFormatter"
              }
            ]
          }
        ]
      }
    },
    {
      "microservice": {
        "default": [
          {
            "service": [
              {
                "className": "org.springframework.samples.petclinic.model.Person"
              }
            ]
          }
        ]
      }
    },
    {
      "microservice": {
        "default": [
          {
            "service": [
              {
                "className": "org.springframework.samples.petclinic.vet.Vet"
              },
              {
                "className": "org.springframework.samples.petclinic.vet.VetController"
              },
              {
                "className": "org.springframework.samples.petclinic.vet.VetRepository"
              },
              {
                "className": "org.springframework.samples.petclinic.vet.Vets"
              }
            ]
          }
        ]
      }
    }
  ]
}