{
  "microservices": [
    {
      "microservice": {
        "default": [
          {
            "service": [
              {
                "className": "net.jforum.controllers.ForumController"
              },
              {
                "className": "net.jforum.actions.helpers.PostFormOptions"
              },
              {
                "className": "net.jforum.entities.ModerationLog"
              },
              {
                "className": "net.jforum.controllers.PostController"
              },
              {
                "className": "net.jforum.controllers.ModerationController"
              },
              {
                "className": "net.jforum.entities.User"
              },
              {
                "className": "net.jforum.controllers.UserController"
              },
              {
                "className": "net.jforum.controllers.UserAdminController"
              },
              {
                "className": "net.jforum.entities.Ranking"
              },
              {
                "className": "net.jforum.sso.SSOUtils"
              },
              {
                "className": "net.jforum.entities.Avatar"
              },
              {
                "className": "net.jforum.core.events.post.TopicWatchPostEvent"
              },
              {
                "className": "net.jforum.controllers.PrivateMessageController"
              },
              {
                "className": "net.jforum.entities.PrivateMessage"
              },
              {
                "className": "net.jforum.entities.Attachment"
              },
              {
                "className": "net.jforum.controllers.PostReportController"
              },
              {
                "className": "net.jforum.entities.Post"
              },
              {
                "className": "net.jforum.controllers.TopicController"
              },
              {
                "className": "net.jforum.entities.PostReport"
              },
              {
                "className": "net.jforum.controllers.SmilieAdminController"
              },
              {
                "className": "net.jforum.actions.helpers.AttachedFile"
              },
              {
                "className": "net.jforum.util.ImageUtils"
              },
              {
                "className": "net.jforum.services.AttachmentService"
              },
              {
                "className": "net.jforum.util.MD5"
              },
              {
                "className": "net.jforum.util.mail.MessageId"
              },
              {
                "className": "net.jforum.util.UploadUtils"
              },
              {
                "className": "net.jforum.repository.UserRepository"
              },
              {
                "className": "net.jforum.services.LostPasswordService"
              },
              {
                "className": "net.jforum.services.AvatarService"
              },
              {
                "className": "net.jforum.util.ImageInfo"
              },
              {
                "className": "net.jforum.services.UserService"
              },
              {
                "className": "net.jforum.services.GroupService"
              },
              {
                "className": "net.jforum.core.UserSessionListener"
              },
              {
                "className": "net.jforum.sso.SSO"
              },
              {
                "className": "net.jforum.core.SessionManager"
              },
              {
                "className": "net.jforum.repository.SmilieRepository"
              },
              {
                "className": "net.jforum.formatters.SmiliesFormatter"
              },
              {
                "className": "net.jforum.services.SmilieService"
              },
              {
                "className": "net.jforum.util.GroupInteractionFilter"
              },
              {
                "className": "net.jforum.services.MostUsersEverOnlineService"
              },
              {
                "className": "net.jforum.services.MessageFormatService"
              },
              {
                "className": "net.jforum.util.URLBuilder"
              },
              {
                "className": "net.jforum.repository.CategoryRepository"
              },
              {
                "className": "net.jforum.formatters.BBCodeConfigParser"
              },
              {
                "className": "net.jforum.formatters.BBConfigFormatter"
              },
              {
                "className": "net.jforum.formatters.BBCode"
              },
              {
                "className": "net.jforum.repository.ModerationLogRepository"
              },
              {
                "className": "net.jforum.entities.util.Pagination"
              },
              {
                "className": "net.jforum.repository.AttachmentRepository"
              },
              {
                "className": "net.jforum.repository.SessionRepository"
              }
            ]
          }
        ]
      }
    },
    {
      "microservice": {
        "default": [
          {
            "service": [
              {
                "className": "net.jforum.controllers.ForumController"
              },
              {
                "className": "net.jforum.actions.helpers.PostFormOptions"
              },
              {
                "className": "net.jforum.entities.ModerationLog"
              },
              {
                "className": "net.jforum.controllers.PostController"
              },
              {
                "className": "net.jforum.controllers.ModerationController"
              },
              {
                "className": "net.jforum.entities.Role"
              },
              {
                "className": "net.jforum.entities.Group"
              },
              {
                "className": "net.jforum.controllers.ForumAdminController"
              },
              {
                "className": "net.jforum.controllers.GroupAdminController"
              },
              {
                "className": "net.jforum.security.RoleManager"
              },
              {
                "className": "net.jforum.entities.User"
              },
              {
                "className": "net.jforum.controllers.UserController"
              },
              {
                "className": "net.jforum.controllers.UserAdminController"
              },
              {
                "className": "net.jforum.entities.Ranking"
              },
              {
                "className": "net.jforum.sso.SSOUtils"
              },
              {
                "className": "net.jforum.entities.Avatar"
              },
              {
                "className": "net.jforum.plugins.post.PostEditInterceptor"
              },
              {
                "className": "net.jforum.extensions.PostReportCounterOperation"
              },
              {
                "className": "net.jforum.entities.Session"
              },
              {
                "className": "net.jforum.controllers.RecentTopicsController"
              },
              {
                "className": "net.jforum.entities.UserSession"
              },
              {
                "className": "net.jforum.actions.interceptors.SessionManagerInterceptor"
              },
              {
                "className": "net.jforum.sso.RemoteUserSSO"
              },
              {
                "className": "net.jforum.core.support.spring.RoleManagerFactoryBean"
              },
              {
                "className": "net.jforum.core.events.post.TopicPostEvent"
              },
              {
                "className": "net.jforum.plugins.post.ForumLimitedTime"
              },
              {
                "className": "net.jforum.core.events.forum.NewForumGroupPermissionsEvent"
              },
              {
                "className": "net.jforum.entities.Topic"
              },
              {
                "className": "net.jforum.entities.Forum"
              },
              {
                "className": "net.jforum.core.support.hibernate.CacheEvictionRules"
              },
              {
                "className": "net.jforum.core.events.topic.ForumTopicEvent"
              },
              {
                "className": "net.jforum.core.events.post.ForumPostEvent"
              },
              {
                "className": "net.jforum.core.events.post.TopicWatchPostEvent"
              },
              {
                "className": "net.jforum.controllers.PrivateMessageController"
              },
              {
                "className": "net.jforum.entities.PrivateMessage"
              },
              {
                "className": "net.jforum.entities.Attachment"
              },
              {
                "className": "net.jforum.controllers.PostReportController"
              },
              {
                "className": "net.jforum.entities.Post"
              },
              {
                "className": "net.jforum.controllers.TopicController"
              },
              {
                "className": "net.jforum.entities.PostReport"
              },
              {
                "className": "net.jforum.core.tags.ImportResponseWrapper"
              },
              {
                "className": "net.jforum.core.tags.ImportFileTag"
              },
              {
                "className": "net.jforum.core.tags.I18nTag"
              },
              {
                "className": "net.jforum.core.tags.JForumTag"
              },
              {
                "className": "net.jforum.core.tags.DisplayCategoriesTag"
              },
              {
                "className": "net.jforum.core.tags.URLTag"
              },
              {
                "className": "net.jforum.core.tags.DisplayForumsTag"
              },
              {
                "className": "net.jforum.core.tags.DisplayFormattedMessageTag"
              },
              {
                "className": "net.jforum.core.tags.FormatSignatureTag"
              },
              {
                "className": "net.jforum.core.tags.SettingsTag"
              },
              {
                "className": "net.jforum.formatters.PostOptions"
              },
              {
                "className": "net.jforum.core.tags.TemplateResourceTag"
              },
              {
                "className": "net.jforum.controllers.AdminController"
              },
              {
                "className": "net.jforum.actions.helpers.ActionUtils"
              },
              {
                "className": "net.jforum.services.ModerationLogService"
              },
              {
                "className": "net.jforum.repository.PostRepository"
              },
              {
                "className": "net.jforum.security.ReplyTopicRule"
              },
              {
                "className": "net.jforum.services.PostService"
              },
              {
                "className": "net.jforum.repository.ForumRepository"
              },
              {
                "className": "net.jforum.services.PollService"
              },
              {
                "className": "net.jforum.services.ModerationService"
              },
              {
                "className": "net.jforum.repository.TopicRepository"
              },
              {
                "className": "net.jforum.services.TopicService"
              },
              {
                "className": "net.jforum.actions.helpers.AttachedFile"
              },
              {
                "className": "net.jforum.util.ImageUtils"
              },
              {
                "className": "net.jforum.services.AttachmentService"
              },
              {
                "className": "net.jforum.util.MD5"
              },
              {
                "className": "net.jforum.util.mail.MessageId"
              },
              {
                "className": "net.jforum.util.UploadUtils"
              },
              {
                "className": "net.jforum.repository.UserRepository"
              },
              {
                "className": "net.jforum.services.LostPasswordService"
              },
              {
                "className": "net.jforum.services.AvatarService"
              },
              {
                "className": "net.jforum.util.ImageInfo"
              },
              {
                "className": "net.jforum.services.UserService"
              },
              {
                "className": "net.jforum.services.GroupService"
              },
              {
                "className": "net.jforum.services.PrivateMessageService"
              },
              {
                "className": "net.jforum.core.UserSessionListener"
              },
              {
                "className": "net.jforum.sso.SSO"
              },
              {
                "className": "net.jforum.core.SessionManager"
              },
              {
                "className": "net.jforum.repository.SmilieRepository"
              },
              {
                "className": "net.jforum.formatters.SmiliesFormatter"
              },
              {
                "className": "net.jforum.services.SmilieService"
              },
              {
                "className": "net.jforum.repository.PostReportRepository"
              },
              {
                "className": "net.jforum.services.TopicWatchService"
              },
              {
                "className": "net.jforum.repository.TopicWatchRepository"
              },
              {
                "className": "net.jforum.repository.PollRepository"
              },
              {
                "className": "net.jforum.util.URLBuilder"
              },
              {
                "className": "net.jforum.repository.CategoryRepository"
              },
              {
                "className": "net.jforum.repository.PrivateMessageRepository"
              },
              {
                "className": "net.jforum.plugins.post.ForumAdminExtension"
              },
              {
                "className": "net.jforum.plugins.post.ForumLimitedTimeRepository"
              },
              {
                "className": "net.jforum.entities.util.Pagination"
              },
              {
                "className": "net.jforum.entities.PostReportStatus"
              },
              {
                "className": "net.jforum.repository.RankingRepository"
              }
            ]
          }
        ]
      }
    },
    {
      "microservice": {
        "default": [
          {
            "service": [
              {
                "className": "net.jforum.controllers.ForumController"
              },
              {
                "className": "net.jforum.actions.helpers.PostFormOptions"
              },
              {
                "className": "net.jforum.entities.ModerationLog"
              },
              {
                "className": "net.jforum.controllers.PostController"
              },
              {
                "className": "net.jforum.controllers.ModerationController"
              },
              {
                "className": "net.jforum.entities.Role"
              },
              {
                "className": "net.jforum.entities.Group"
              },
              {
                "className": "net.jforum.controllers.ForumAdminController"
              },
              {
                "className": "net.jforum.controllers.GroupAdminController"
              },
              {
                "className": "net.jforum.security.RoleManager"
              },
              {
                "className": "net.jforum.entities.User"
              },
              {
                "className": "net.jforum.controllers.UserController"
              },
              {
                "className": "net.jforum.controllers.UserAdminController"
              },
              {
                "className": "net.jforum.entities.Ranking"
              },
              {
                "className": "net.jforum.sso.SSOUtils"
              },
              {
                "className": "net.jforum.entities.Avatar"
              },
              {
                "className": "net.jforum.plugins.post.PostEditInterceptor"
              },
              {
                "className": "net.jforum.extensions.PostReportCounterOperation"
              },
              {
                "className": "net.jforum.entities.Session"
              },
              {
                "className": "net.jforum.controllers.RecentTopicsController"
              },
              {
                "className": "net.jforum.entities.UserSession"
              },
              {
                "className": "net.jforum.actions.interceptors.SessionManagerInterceptor"
              },
              {
                "className": "net.jforum.sso.RemoteUserSSO"
              },
              {
                "className": "net.jforum.core.support.spring.RoleManagerFactoryBean"
              },
              {
                "className": "net.jforum.core.events.post.TopicWatchPostEvent"
              },
              {
                "className": "net.jforum.controllers.PrivateMessageController"
              },
              {
                "className": "net.jforum.entities.PrivateMessage"
              },
              {
                "className": "net.jforum.entities.Attachment"
              },
              {
                "className": "net.jforum.controllers.PostReportController"
              },
              {
                "className": "net.jforum.entities.Post"
              },
              {
                "className": "net.jforum.controllers.TopicController"
              },
              {
                "className": "net.jforum.entities.PostReport"
              },
              {
                "className": "net.jforum.actions.interceptors.ControllerSecurityInterceptor"
              },
              {
                "className": "net.jforum.actions.interceptors.SecurityInterceptor"
              },
              {
                "className": "net.jforum.actions.interceptors.MethodSecurityInterceptor"
              },
              {
                "className": "net.jforum.actions.extensions.TopicWatchExtension"
              },
              {
                "className": "net.jforum.entities.TopicWatch"
              },
              {
                "className": "net.jforum.entities.Poll"
              },
              {
                "className": "net.jforum.entities.PollOption"
              },
              {
                "className": "net.jforum.entities.PollVoter"
              },
              {
                "className": "net.jforum.repository.UserRepository"
              },
              {
                "className": "net.jforum.services.LostPasswordService"
              },
              {
                "className": "net.jforum.services.AvatarService"
              },
              {
                "className": "net.jforum.util.ImageInfo"
              },
              {
                "className": "net.jforum.services.UserService"
              },
              {
                "className": "net.jforum.services.GroupService"
              },
              {
                "className": "net.jforum.sso.LoginAuthenticator"
              },
              {
                "className": "net.jforum.sso.DefaultLoginAuthenticator"
              },
              {
                "className": "net.jforum.core.tags.Functions"
              },
              {
                "className": "net.jforum.repository.GroupRepository"
              },
              {
                "className": "net.jforum.repository.RankingRepository"
              },
              {
                "className": "net.jforum.entities.AvatarType"
              }
            ]
          }
        ]
      }
    },
    {
      "microservice": {
        "default": [
          {
            "service": [
              {
                "className": "net.jforum.plugins.post.PostEditInterceptor"
              },
              {
                "className": "net.jforum.extensions.PostReportCounterOperation"
              },
              {
                "className": "net.jforum.entities.Session"
              },
              {
                "className": "net.jforum.controllers.RecentTopicsController"
              },
              {
                "className": "net.jforum.entities.UserSession"
              },
              {
                "className": "net.jforum.actions.interceptors.SessionManagerInterceptor"
              },
              {
                "className": "net.jforum.sso.RemoteUserSSO"
              },
              {
                "className": "net.jforum.core.support.spring.RoleManagerFactoryBean"
              },
              {
                "className": "net.jforum.controllers.RankingAdminController"
              },
              {
                "className": "net.jforum.core.events.post.TopicReplyEvent"
              },
              {
                "className": "net.jforum.util.JForumConfig"
              },
              {
                "className": "net.jforum.entities.Config"
              },
              {
                "className": "net.jforum.controllers.SearchController"
              },
              {
                "className": "net.jforum.controllers.ConfigController"
              },
              {
                "className": "net.jforum.core.support.hibernate.SpringInterceptor"
              },
              {
                "className": "net.jforum.core.exceptions.ForumException"
              },
              {
                "className": "net.jforum.core.VRaptorCustomPathResolver"
              },
              {
                "className": "net.jforum.controllers.LuceneAdminController"
              },
              {
                "className": "net.jforum.core.tags.ImportResponseWrapper"
              },
              {
                "className": "net.jforum.core.tags.ImportFileTag"
              },
              {
                "className": "net.jforum.core.tags.I18nTag"
              },
              {
                "className": "net.jforum.core.tags.JForumTag"
              },
              {
                "className": "net.jforum.core.tags.DisplayCategoriesTag"
              },
              {
                "className": "net.jforum.core.tags.URLTag"
              },
              {
                "className": "net.jforum.core.tags.DisplayForumsTag"
              },
              {
                "className": "net.jforum.core.tags.DisplayFormattedMessageTag"
              },
              {
                "className": "net.jforum.core.tags.FormatSignatureTag"
              },
              {
                "className": "net.jforum.core.tags.SettingsTag"
              },
              {
                "className": "net.jforum.formatters.PostOptions"
              },
              {
                "className": "net.jforum.core.tags.TemplateResourceTag"
              },
              {
                "className": "net.jforum.actions.interceptors.ControllerSecurityInterceptor"
              },
              {
                "className": "net.jforum.actions.interceptors.SecurityInterceptor"
              },
              {
                "className": "net.jforum.actions.interceptors.MethodSecurityInterceptor"
              },
              {
                "className": "net.jforum.controllers.MessageController"
              },
              {
                "className": "net.jforum.controllers.RSSController"
              },
              {
                "className": "net.jforum.controllers.BadWordAdminController"
              },
              {
                "className": "net.jforum.security.PrivateMessageEnabledRule"
              },
              {
                "className": "net.jforum.security.EditUserRule"
              },
              {
                "className": "net.jforum.security.DownloadAttachmentRule"
              },
              {
                "className": "net.jforum.security.CreateNewTopicRule"
              },
              {
                "className": "net.jforum.security.ModerationRule"
              },
              {
                "className": "net.jforum.security.PrivateMessageOwnerRule"
              },
              {
                "className": "net.jforum.security.AdministrationRule"
              },
              {
                "className": "net.jforum.security.AuthenticatedRule"
              },
              {
                "className": "net.jforum.security.AccessForumRule"
              },
              {
                "className": "net.jforum.security.AccessRule"
              },
              {
                "className": "net.jforum.security.EmptyRule"
              },
              {
                "className": "net.jforum.security.ChangePostRule"
              },
              {
                "className": "net.jforum.services.ModerationLogService"
              },
              {
                "className": "net.jforum.repository.PostRepository"
              },
              {
                "className": "net.jforum.security.ReplyTopicRule"
              },
              {
                "className": "net.jforum.services.PostService"
              },
              {
                "className": "net.jforum.repository.ForumRepository"
              },
              {
                "className": "net.jforum.services.PollService"
              },
              {
                "className": "net.jforum.services.ModerationService"
              },
              {
                "className": "net.jforum.repository.TopicRepository"
              },
              {
                "className": "net.jforum.services.TopicService"
              },
              {
                "className": "net.jforum.services.RankingService"
              },
              {
                "className": "net.jforum.util.mail.EmailSenderTask"
              },
              {
                "className": "net.jforum.util.mail.SpammerTaskExecutor"
              },
              {
                "className": "net.jforum.util.SafeHtml"
              },
              {
                "className": "net.jforum.util.mail.Spammer"
              },
              {
                "className": "net.jforum.util.mail.PrivateMessageSpammer"
              },
              {
                "className": "net.jforum.util.mail.IdentifiableMimeMessage"
              },
              {
                "className": "net.jforum.util.mail.SpammerFactory"
              },
              {
                "className": "net.jforum.util.mail.TopicReplySpammer"
              },
              {
                "className": "net.jforum.util.mail.ActivationKeySpammer"
              },
              {
                "className": "net.jforum.util.mail.LostPasswordSpammer"
              },
              {
                "className": "net.jforum.services.TopicWatchService"
              },
              {
                "className": "net.jforum.repository.TopicWatchRepository"
              },
              {
                "className": "net.jforum.repository.SearchRepository"
              },
              {
                "className": "net.jforum.entities.util.SearchResult"
              },
              {
                "className": "net.jforum.repository.CategoryRepository"
              },
              {
                "className": "net.jforum.entities.util.SearchSortType"
              },
              {
                "className": "net.jforum.entities.util.SearchSort"
              },
              {
                "className": "net.jforum.entities.util.SearchMatchType"
              },
              {
                "className": "net.jforum.entities.util.SearchParams"
              },
              {
                "className": "net.jforum.core.events.post.BadWordEvent"
              },
              {
                "className": "net.jforum.events.EmptyPostEvent"
              },
              {
                "className": "net.jforum.repository.BadWordRepository"
              },
              {
                "className": "net.jforum.repository.ConfigRepository"
              },
              {
                "className": "net.jforum.repository.RankingRepository"
              }
            ]
          }
        ]
      }
    },
    {
      "microservice": {
        "default": [
          {
            "service": [
              {
                "className": "net.jforum.entities.Role"
              },
              {
                "className": "net.jforum.entities.Group"
              },
              {
                "className": "net.jforum.controllers.ForumAdminController"
              },
              {
                "className": "net.jforum.controllers.GroupAdminController"
              },
              {
                "className": "net.jforum.security.RoleManager"
              },
              {
                "className": "net.jforum.plugins.post.PostEditInterceptor"
              },
              {
                "className": "net.jforum.extensions.PostReportCounterOperation"
              },
              {
                "className": "net.jforum.entities.Session"
              },
              {
                "className": "net.jforum.controllers.RecentTopicsController"
              },
              {
                "className": "net.jforum.entities.UserSession"
              },
              {
                "className": "net.jforum.actions.interceptors.SessionManagerInterceptor"
              },
              {
                "className": "net.jforum.sso.RemoteUserSSO"
              },
              {
                "className": "net.jforum.core.support.spring.RoleManagerFactoryBean"
              },
              {
                "className": "net.jforum.core.events.post.TopicPostEvent"
              },
              {
                "className": "net.jforum.plugins.post.ForumLimitedTime"
              },
              {
                "className": "net.jforum.core.events.forum.NewForumGroupPermissionsEvent"
              },
              {
                "className": "net.jforum.entities.Topic"
              },
              {
                "className": "net.jforum.entities.Forum"
              },
              {
                "className": "net.jforum.core.support.hibernate.CacheEvictionRules"
              },
              {
                "className": "net.jforum.core.events.topic.ForumTopicEvent"
              },
              {
                "className": "net.jforum.core.events.post.ForumPostEvent"
              },
              {
                "className": "net.jforum.core.events.post.TopicWatchPostEvent"
              },
              {
                "className": "net.jforum.controllers.PrivateMessageController"
              },
              {
                "className": "net.jforum.entities.PrivateMessage"
              },
              {
                "className": "net.jforum.entities.Attachment"
              },
              {
                "className": "net.jforum.controllers.PostReportController"
              },
              {
                "className": "net.jforum.entities.Post"
              },
              {
                "className": "net.jforum.controllers.TopicController"
              },
              {
                "className": "net.jforum.entities.PostReport"
              },
              {
                "className": "net.jforum.core.tags.ImportResponseWrapper"
              },
              {
                "className": "net.jforum.core.tags.ImportFileTag"
              },
              {
                "className": "net.jforum.core.tags.I18nTag"
              },
              {
                "className": "net.jforum.core.tags.JForumTag"
              },
              {
                "className": "net.jforum.core.tags.DisplayCategoriesTag"
              },
              {
                "className": "net.jforum.core.tags.URLTag"
              },
              {
                "className": "net.jforum.core.tags.DisplayForumsTag"
              },
              {
                "className": "net.jforum.core.tags.DisplayFormattedMessageTag"
              },
              {
                "className": "net.jforum.core.tags.FormatSignatureTag"
              },
              {
                "className": "net.jforum.core.tags.SettingsTag"
              },
              {
                "className": "net.jforum.formatters.PostOptions"
              },
              {
                "className": "net.jforum.core.tags.TemplateResourceTag"
              },
              {
                "className": "net.jforum.controllers.MessageController"
              },
              {
                "className": "net.jforum.controllers.RSSController"
              },
              {
                "className": "net.jforum.actions.extensions.TopicWatchExtension"
              },
              {
                "className": "net.jforum.entities.TopicWatch"
              },
              {
                "className": "net.jforum.entities.Theme"
              },
              {
                "className": "net.jforum.core.events.category.NewCategoryGroupPermissionsEvent"
              },
              {
                "className": "net.jforum.entities.Category"
              },
              {
                "className": "net.jforum.repository.UserRepository"
              },
              {
                "className": "net.jforum.services.LostPasswordService"
              },
              {
                "className": "net.jforum.services.AvatarService"
              },
              {
                "className": "net.jforum.util.ImageInfo"
              },
              {
                "className": "net.jforum.services.UserService"
              },
              {
                "className": "net.jforum.services.GroupService"
              },
              {
                "className": "net.jforum.services.ForumService"
              },
              {
                "className": "net.jforum.util.CategoryOrderComparator"
              },
              {
                "className": "net.jforum.repository.CategoryRepository"
              },
              {
                "className": "net.jforum.repository.GroupRepository"
              },
              {
                "className": "net.jforum.events.EmptyCategoryEvent"
              }
            ]
          }
        ]
      }
    },
    {
      "microservice": {
        "default": [
          {
            "service": [
              {
                "className": "net.jforum.entities.Role"
              },
              {
                "className": "net.jforum.entities.Group"
              },
              {
                "className": "net.jforum.controllers.ForumAdminController"
              },
              {
                "className": "net.jforum.controllers.GroupAdminController"
              },
              {
                "className": "net.jforum.security.RoleManager"
              },
              {
                "className": "net.jforum.entities.User"
              },
              {
                "className": "net.jforum.controllers.UserController"
              },
              {
                "className": "net.jforum.controllers.UserAdminController"
              },
              {
                "className": "net.jforum.entities.Ranking"
              },
              {
                "className": "net.jforum.sso.SSOUtils"
              },
              {
                "className": "net.jforum.entities.Avatar"
              },
              {
                "className": "net.jforum.plugins.post.PostEditInterceptor"
              },
              {
                "className": "net.jforum.extensions.PostReportCounterOperation"
              },
              {
                "className": "net.jforum.entities.Session"
              },
              {
                "className": "net.jforum.controllers.RecentTopicsController"
              },
              {
                "className": "net.jforum.entities.UserSession"
              },
              {
                "className": "net.jforum.actions.interceptors.SessionManagerInterceptor"
              },
              {
                "className": "net.jforum.sso.RemoteUserSSO"
              },
              {
                "className": "net.jforum.core.support.spring.RoleManagerFactoryBean"
              },
              {
                "className": "net.jforum.core.exceptions.ValidationException"
              },
              {
                "className": "net.jforum.core.events.post.TopicReplyEvent"
              },
              {
                "className": "net.jforum.util.JForumConfig"
              },
              {
                "className": "net.jforum.entities.Config"
              },
              {
                "className": "net.jforum.controllers.SearchController"
              },
              {
                "className": "net.jforum.controllers.ConfigController"
              },
              {
                "className": "net.jforum.core.support.hibernate.SpringInterceptor"
              },
              {
                "className": "net.jforum.core.exceptions.ForumException"
              },
              {
                "className": "net.jforum.core.VRaptorCustomPathResolver"
              },
              {
                "className": "net.jforum.controllers.LuceneAdminController"
              },
              {
                "className": "net.jforum.core.events.post.TopicPostEvent"
              },
              {
                "className": "net.jforum.plugins.post.ForumLimitedTime"
              },
              {
                "className": "net.jforum.core.events.forum.NewForumGroupPermissionsEvent"
              },
              {
                "className": "net.jforum.entities.Topic"
              },
              {
                "className": "net.jforum.entities.Forum"
              },
              {
                "className": "net.jforum.core.support.hibernate.CacheEvictionRules"
              },
              {
                "className": "net.jforum.core.events.topic.ForumTopicEvent"
              },
              {
                "className": "net.jforum.core.events.post.ForumPostEvent"
              },
              {
                "className": "net.jforum.core.events.post.TopicWatchPostEvent"
              },
              {
                "className": "net.jforum.controllers.PrivateMessageController"
              },
              {
                "className": "net.jforum.entities.PrivateMessage"
              },
              {
                "className": "net.jforum.entities.Attachment"
              },
              {
                "className": "net.jforum.controllers.PostReportController"
              },
              {
                "className": "net.jforum.entities.Post"
              },
              {
                "className": "net.jforum.controllers.TopicController"
              },
              {
                "className": "net.jforum.entities.PostReport"
              },
              {
                "className": "net.jforum.actions.interceptors.ControllerSecurityInterceptor"
              },
              {
                "className": "net.jforum.actions.interceptors.SecurityInterceptor"
              },
              {
                "className": "net.jforum.actions.interceptors.MethodSecurityInterceptor"
              },
              {
                "className": "net.jforum.controllers.MessageController"
              },
              {
                "className": "net.jforum.controllers.RSSController"
              },
              {
                "className": "net.jforum.actions.extensions.TopicWatchExtension"
              },
              {
                "className": "net.jforum.entities.TopicWatch"
              },
              {
                "className": "net.jforum.services.ModerationLogService"
              },
              {
                "className": "net.jforum.repository.PostRepository"
              },
              {
                "className": "net.jforum.security.ReplyTopicRule"
              },
              {
                "className": "net.jforum.services.PostService"
              },
              {
                "className": "net.jforum.repository.ForumRepository"
              },
              {
                "className": "net.jforum.services.PollService"
              },
              {
                "className": "net.jforum.services.ModerationService"
              },
              {
                "className": "net.jforum.repository.TopicRepository"
              },
              {
                "className": "net.jforum.services.TopicService"
              },
              {
                "className": "net.jforum.services.ConfigService"
              },
              {
                "className": "net.jforum.services.RSSService"
              },
              {
                "className": "net.jforum.util.I18n"
              },
              {
                "className": "net.jforum.repository.RSSRepository"
              },
              {
                "className": "net.jforum.core.UserSessionListener"
              },
              {
                "className": "net.jforum.sso.SSO"
              },
              {
                "className": "net.jforum.core.SessionManager"
              },
              {
                "className": "net.jforum.security.TopicFilter"
              },
              {
                "className": "net.jforum.repository.PostReportRepository"
              },
              {
                "className": "net.jforum.util.URLBuilder"
              },
              {
                "className": "net.jforum.repository.RecentTopicsRepository"
              },
              {
                "className": "net.jforum.extensions.RequestOperationChain"
              },
              {
                "className": "net.jforum.extensions.RequestOperation"
              }
            ]
          }
        ]
      }
    },
    {
      "microservice": {
        "default": [
          {
            "service": [
              {
                "className": "net.jforum.entities.Role"
              },
              {
                "className": "net.jforum.entities.Group"
              },
              {
                "className": "net.jforum.controllers.ForumAdminController"
              },
              {
                "className": "net.jforum.controllers.GroupAdminController"
              },
              {
                "className": "net.jforum.security.RoleManager"
              },
              {
                "className": "net.jforum.plugins.post.PostEditInterceptor"
              },
              {
                "className": "net.jforum.extensions.PostReportCounterOperation"
              },
              {
                "className": "net.jforum.entities.Session"
              },
              {
                "className": "net.jforum.controllers.RecentTopicsController"
              },
              {
                "className": "net.jforum.entities.UserSession"
              },
              {
                "className": "net.jforum.actions.interceptors.SessionManagerInterceptor"
              },
              {
                "className": "net.jforum.sso.RemoteUserSSO"
              },
              {
                "className": "net.jforum.core.support.spring.RoleManagerFactoryBean"
              },
              {
                "className": "net.jforum.core.events.post.TopicReplyEvent"
              },
              {
                "className": "net.jforum.util.JForumConfig"
              },
              {
                "className": "net.jforum.entities.Config"
              },
              {
                "className": "net.jforum.controllers.SearchController"
              },
              {
                "className": "net.jforum.controllers.ConfigController"
              },
              {
                "className": "net.jforum.core.support.hibernate.SpringInterceptor"
              },
              {
                "className": "net.jforum.core.exceptions.ForumException"
              },
              {
                "className": "net.jforum.core.VRaptorCustomPathResolver"
              },
              {
                "className": "net.jforum.controllers.LuceneAdminController"
              },
              {
                "className": "net.jforum.core.events.post.TopicPostEvent"
              },
              {
                "className": "net.jforum.plugins.post.ForumLimitedTime"
              },
              {
                "className": "net.jforum.core.events.forum.NewForumGroupPermissionsEvent"
              },
              {
                "className": "net.jforum.entities.Topic"
              },
              {
                "className": "net.jforum.entities.Forum"
              },
              {
                "className": "net.jforum.core.support.hibernate.CacheEvictionRules"
              },
              {
                "className": "net.jforum.core.events.topic.ForumTopicEvent"
              },
              {
                "className": "net.jforum.core.events.post.ForumPostEvent"
              },
              {
                "className": "net.jforum.core.events.post.TopicWatchPostEvent"
              },
              {
                "className": "net.jforum.controllers.PrivateMessageController"
              },
              {
                "className": "net.jforum.entities.PrivateMessage"
              },
              {
                "className": "net.jforum.entities.Attachment"
              },
              {
                "className": "net.jforum.controllers.PostReportController"
              },
              {
                "className": "net.jforum.entities.Post"
              },
              {
                "className": "net.jforum.controllers.TopicController"
              },
              {
                "className": "net.jforum.entities.PostReport"
              },
              {
                "className": "net.jforum.core.tags.ImportResponseWrapper"
              },
              {
                "className": "net.jforum.core.tags.ImportFileTag"
              },
              {
                "className": "net.jforum.core.tags.I18nTag"
              },
              {
                "className": "net.jforum.core.tags.JForumTag"
              },
              {
                "className": "net.jforum.core.tags.DisplayCategoriesTag"
              },
              {
                "className": "net.jforum.core.tags.URLTag"
              },
              {
                "className": "net.jforum.core.tags.DisplayForumsTag"
              },
              {
                "className": "net.jforum.core.tags.DisplayFormattedMessageTag"
              },
              {
                "className": "net.jforum.core.tags.FormatSignatureTag"
              },
              {
                "className": "net.jforum.core.tags.SettingsTag"
              },
              {
                "className": "net.jforum.formatters.PostOptions"
              },
              {
                "className": "net.jforum.core.tags.TemplateResourceTag"
              },
              {
                "className": "net.jforum.actions.extensions.TopicWatchExtension"
              },
              {
                "className": "net.jforum.entities.TopicWatch"
              },
              {
                "className": "net.jforum.entities.Theme"
              },
              {
                "className": "net.jforum.core.events.category.NewCategoryGroupPermissionsEvent"
              },
              {
                "className": "net.jforum.entities.Category"
              },
              {
                "className": "net.jforum.services.ModerationLogService"
              },
              {
                "className": "net.jforum.repository.PostRepository"
              },
              {
                "className": "net.jforum.security.ReplyTopicRule"
              },
              {
                "className": "net.jforum.services.PostService"
              },
              {
                "className": "net.jforum.repository.ForumRepository"
              },
              {
                "className": "net.jforum.services.PollService"
              },
              {
                "className": "net.jforum.services.ModerationService"
              },
              {
                "className": "net.jforum.repository.TopicRepository"
              },
              {
                "className": "net.jforum.services.TopicService"
              },
              {
                "className": "net.jforum.repository.UserRepository"
              },
              {
                "className": "net.jforum.services.LostPasswordService"
              },
              {
                "className": "net.jforum.services.AvatarService"
              },
              {
                "className": "net.jforum.util.ImageInfo"
              },
              {
                "className": "net.jforum.services.UserService"
              },
              {
                "className": "net.jforum.services.GroupService"
              },
              {
                "className": "net.jforum.services.ConfigService"
              },
              {
                "className": "net.jforum.services.RSSService"
              },
              {
                "className": "net.jforum.util.I18n"
              },
              {
                "className": "net.jforum.repository.RSSRepository"
              },
              {
                "className": "net.jforum.formatters.HtmlEntitiesFormatter"
              },
              {
                "className": "net.jforum.formatters.SafeHtmlAttributesFormatter"
              },
              {
                "className": "net.jforum.formatters.Formatter"
              },
              {
                "className": "net.jforum.formatters.NewLineToHtmlBreakFormatter"
              },
              {
                "className": "net.jforum.formatters.SafeHtmlTagsFormatter"
              },
              {
                "className": "net.jforum.formatters.PostFormatters"
              },
              {
                "className": "net.jforum.repository.GroupRepository"
              },
              {
                "className": "net.jforum.events.EmptyTopicEvent"
              },
              {
                "className": "net.jforum.events.EmptyForumEvent"
              }
            ]
          }
        ]
      }
    },
    {
      "microservice": {
        "default": [
          {
            "service": [
              {
                "className": "net.jforum.controllers.AvatarAdminController"
              },
              {
                "className": "net.jforum.repository.UserRepository"
              },
              {
                "className": "net.jforum.services.LostPasswordService"
              },
              {
                "className": "net.jforum.services.AvatarService"
              },
              {
                "className": "net.jforum.util.ImageInfo"
              },
              {
                "className": "net.jforum.services.UserService"
              },
              {
                "className": "net.jforum.services.GroupService"
              },
              {
                "className": "net.jforum.repository.AvatarRepository"
              }
            ]
          }
        ]
      }
    },
    {
      "microservice": {
        "default": [
          {
            "service": [
              {
                "className": "net.jforum.controllers.CategoryAdminController"
              },
              {
                "className": "net.jforum.services.CategoryService"
              },
              {
                "className": "net.jforum.repository.CategoryRepository"
              }
            ]
          }
        ]
      }
    },
    {
      "microservice": {
        "default": [
          {
            "service": [
              {
                "className": "net.jforum.core.support.hibernate.SessionFactoryCreator"
              },
              {
                "className": "net.jforum.core.support.hibernate.SpringSessionFactory"
              }
            ]
          }
        ]
      }
    },
    {
      "microservice": {
        "default": [
          {
            "service": [
              {
                "className": "net.jforum.core.events.topic.TopicWatchTopicEvent"
              },
              {
                "className": "net.jforum.services.TopicWatchService"
              },
              {
                "className": "net.jforum.repository.TopicWatchRepository"
              },
              {
                "className": "net.jforum.events.EmptyTopicEvent"
              }
            ]
          }
        ]
      }
    },
    {
      "microservice": {
        "default": [
          {
            "service": [
              {
                "className": "net.jforum.core.exceptions.AccessRuleException"
              }
            ]
          }
        ]
      }
    },
    {
      "microservice": {
        "default": [
          {
            "service": [
              {
                "className": "net.jforum.actions.interceptors.ExtendsAnnotationInterceptor"
              },
              {
                "className": "net.jforum.extensions.ActionExtensionManager"
              }
            ]
          }
        ]
      }
    },
    {
      "microservice": {
        "default": [
          {
            "service": [
              {
                "className": "net.jforum.core.exceptions.MailException"
              }
            ]
          }
        ]
      }
    },
    {
      "microservice": {
        "default": [
          {
            "service": [
              {
                "className": "net.jforum.controllers.ThemeController"
              },
              {
                "className": "net.jforum.repository.ThemeRepository"
              }
            ]
          }
        ]
      }
    },
    {
      "microservice": {
        "default": [
          {
            "service": [
              {
                "className": "net.jforum.entities.Smilie"
              }
            ]
          }
        ]
      }
    },
    {
      "microservice": {
        "default": [
          {
            "service": [
              {
                "className": "net.jforum.entities.MostUsersEverOnline"
              }
            ]
          }
        ]
      }
    },
    {
      "microservice": {
        "default": [
          {
            "service": [
              {
                "className": "net.jforum.entities.BadWord"
              }
            ]
          }
        ]
      }
    },
    {
      "microservice": {
        "default": [
          {
            "service": [
              {
                "className": "net.jforum.actions.helpers.ApproveInfo"
              }
            ]
          }
        ]
      }
    },
    {
      "microservice": {
        "default": [
          {
            "service": [
              {
                "className": "net.jforum.controllers.BanlistAdminController"
              },
              {
                "className": "net.jforum.repository.BanlistRepository"
              }
            ]
          }
        ]
      }
    },
    {
      "microservice": {
        "default": [
          {
            "service": [
              {
                "className": "net.jforum.entities.ForumStats"
              }
            ]
          }
        ]
      }
    }
  ]
}