{
  "microservices": [
    {
      "microservice": {
        "default": [
          {
            "service": [
              {
                "className": "net.jforum.core.hibernate.RecentTopicsDAOTestCase"
              },
              {
                "className": "net.jforum.services.MostUsersEverOnlineServiceTestCase"
              },
              {
                "className": "net.jforum.util.mail.MailTestCase"
              },
              {
                "className": "net.jforum.util.mail.PrivateMessageSpammer"
              }
            ]
          }
        ]
      }
    },
    {
      "microservice": {
        "default": [
          {
            "service": [
              {
                "className": "net.jforum.actions.extensions.TopicWatchExtension"
              },
              {
                "className": "net.jforum.actions.helpers.ApproveInfo"
              },
              {
                "className": "net.jforum.actions.helpers.AttachedFile"
              },
              {
                "className": "net.jforum.actions.helpers.PaginationTestCase"
              },
              {
                "className": "net.jforum.actions.helpers.PostFormOptions"
              },
              {
                "className": "net.jforum.actions.interceptors.ControllerSecurityInterceptor"
              },
              {
                "className": "net.jforum.actions.interceptors.ExtendsAnnotationInterceptor"
              },
              {
                "className": "net.jforum.actions.interceptors.MethodSecurityInterceptor"
              },
              {
                "className": "net.jforum.actions.interceptors.SecurityInterceptor"
              },
              {
                "className": "net.jforum.actions.interceptors.SessionManagerInterceptor"
              },
              {
                "className": "net.jforum.api.JForumExecutionContext"
              },
              {
                "className": "net.jforum.bbcode.AutoEmail_TestCase"
              },
              {
                "className": "net.jforum.bbcode.B_TestCase"
              },
              {
                "className": "net.jforum.bbcode.Color_TestCase"
              },
              {
                "className": "net.jforum.bbcode.DescriptiveUrl_TestCase"
              },
              {
                "className": "net.jforum.bbcode.Google_TestCase"
              },
              {
                "className": "net.jforum.bbcode.IMG_TestCase"
              },
              {
                "className": "net.jforum.bbcode.I_TestCase"
              },
              {
                "className": "net.jforum.bbcode.SimpleUrl_TestCase"
              },
              {
                "className": "net.jforum.bbcode.Size_TestCase"
              },
              {
                "className": "net.jforum.bbcode.U_TestCase"
              },
              {
                "className": "net.jforum.bbcode.YouTube_TestCase"
              },
              {
                "className": "net.jforum.controllers.AdminController"
              },
              {
                "className": "net.jforum.controllers.BadWordControllerActionsTestCase"
              },
              {
                "className": "net.jforum.controllers.BanlistAdminControllerTestCase"
              },
              {
                "className": "net.jforum.controllers.GroupAdminControllerTestCase"
              },
              {
                "className": "net.jforum.controllers.HibernateStatisticsController"
              },
              {
                "className": "net.jforum.controllers.LuceneAdminController"
              },
              {
                "className": "net.jforum.controllers.MessageControllerTestCase"
              },
              {
                "className": "net.jforum.controllers.ModerationControllerTestCase"
              },
              {
                "className": "net.jforum.controllers.PostControllerTestCase"
              },
              {
                "className": "net.jforum.controllers.PostReportController"
              },
              {
                "className": "net.jforum.controllers.PostReportControllerTestCase"
              },
              {
                "className": "net.jforum.controllers.PrivateMessageControllerTestCase"
              },
              {
                "className": "net.jforum.controllers.RSSControllerTestCase"
              },
              {
                "className": "net.jforum.controllers.RecentTopicsControllerTestCase"
              },
              {
                "className": "net.jforum.controllers.SearchController"
              },
              {
                "className": "net.jforum.controllers.SearchControllerTestCase"
              },
              {
                "className": "net.jforum.controllers.ThemeController"
              },
              {
                "className": "net.jforum.controllers.UserControllerTestCase"
              },
              {
                "className": "net.jforum.core.SessionManager"
              },
              {
                "className": "net.jforum.core.SessionManagerTestCase"
              },
              {
                "className": "net.jforum.core.UrlPattern"
              },
              {
                "className": "net.jforum.core.UserSessionListener"
              },
              {
                "className": "net.jforum.core.VRaptorCustomPathResolver"
              },
              {
                "className": "net.jforum.core.VRaptorSpringProvider"
              },
              {
                "className": "net.jforum.core.events.category.NewCategoryGroupPermissionsEvent"
              },
              {
                "className": "net.jforum.core.events.category.NewCategoryGroupPermissionsEventTestCase"
              },
              {
                "className": "net.jforum.core.events.forum.NewForumGroupPermissionsEvent"
              },
              {
                "className": "net.jforum.core.events.forum.NewForumGroupPermissionsEventTestCase"
              },
              {
                "className": "net.jforum.core.events.post.BadWordEvent"
              },
              {
                "className": "net.jforum.core.events.post.TopicReplyEvent"
              },
              {
                "className": "net.jforum.core.events.topic.TopicWatchTopicEvent"
              },
              {
                "className": "net.jforum.core.events.topic.TopicWatchTopicEventTestCase"
              },
              {
                "className": "net.jforum.core.exceptions.DatabaseException"
              },
              {
                "className": "net.jforum.core.exceptions.MailException"
              },
              {
                "className": "net.jforum.core.hibernate.BadWordDAOTestCase"
              },
              {
                "className": "net.jforum.core.hibernate.BanlistDAOTestCase"
              },
              {
                "className": "net.jforum.core.hibernate.CategoryDAOTestCase"
              },
              {
                "className": "net.jforum.core.hibernate.ForumDAOTestCase"
              },
              {
                "className": "net.jforum.core.hibernate.GroupDAOTestCase"
              },
              {
                "className": "net.jforum.core.hibernate.PostDAOTestCase"
              },
              {
                "className": "net.jforum.core.hibernate.PostReportDAOTestCase"
              },
              {
                "className": "net.jforum.core.hibernate.PrivateMessageDAOTestCase"
              },
              {
                "className": "net.jforum.core.hibernate.RSSDAOTestCase"
              },
              {
                "className": "net.jforum.core.hibernate.SmilieDAOTestCase"
              },
              {
                "className": "net.jforum.core.hibernate.TopicDAOTestCase"
              },
              {
                "className": "net.jforum.core.hibernate.TopicWatchDAOTestCase"
              },
              {
                "className": "net.jforum.core.hibernate.UserDAOTestCase"
              },
              {
                "className": "net.jforum.core.hibernate.tests.EmptyCache"
              },
              {
                "className": "net.jforum.core.hibernate.tests.EmptyCacheProvider"
              },
              {
                "className": "net.jforum.core.support.hibernate.CacheEvictionRules"
              },
              {
                "className": "net.jforum.core.support.hibernate.CacheEvictionRulesTestCase"
              },
              {
                "className": "net.jforum.core.support.hibernate.QueryCache"
              },
              {
                "className": "net.jforum.core.support.hibernate.SessionFactoryCreator"
              },
              {
                "className": "net.jforum.core.support.hibernate.SpringInterceptor"
              },
              {
                "className": "net.jforum.core.support.hibernate.SpringSessionFactory"
              },
              {
                "className": "net.jforum.core.support.spring.HttpServletRequestFactoryBean"
              },
              {
                "className": "net.jforum.core.support.spring.HttpServletResponseFactoryBean"
              },
              {
                "className": "net.jforum.core.support.spring.RoleManagerFactoryBean"
              },
              {
                "className": "net.jforum.core.tags.DisplayCategoriesTag"
              },
              {
                "className": "net.jforum.core.tags.DisplayFormattedMessageTag"
              },
              {
                "className": "net.jforum.core.tags.DisplayForumsTag"
              },
              {
                "className": "net.jforum.core.tags.FormatSignatureTag"
              },
              {
                "className": "net.jforum.core.tags.Functions"
              },
              {
                "className": "net.jforum.core.tags.I18nTag"
              },
              {
                "className": "net.jforum.core.tags.ImportFileTag"
              },
              {
                "className": "net.jforum.core.tags.ImportResponseWrapper"
              },
              {
                "className": "net.jforum.core.tags.JForumTag"
              },
              {
                "className": "net.jforum.core.tags.SettingsTag"
              },
              {
                "className": "net.jforum.core.tags.TemplateResourceTag"
              },
              {
                "className": "net.jforum.core.tags.URLTag"
              },
              {
                "className": "net.jforum.entities.Attachment"
              },
              {
                "className": "net.jforum.entities.AttachmentQuota"
              },
              {
                "className": "net.jforum.entities.Avatar"
              },
              {
                "className": "net.jforum.entities.BadWord"
              },
              {
                "className": "net.jforum.entities.Banlist"
              },
              {
                "className": "net.jforum.entities.ForumStats"
              },
              {
                "className": "net.jforum.entities.GroupTestCase"
              },
              {
                "className": "net.jforum.entities.ModerationLog"
              },
              {
                "className": "net.jforum.entities.MostUsersEverOnline"
              },
              {
                "className": "net.jforum.entities.Poll"
              },
              {
                "className": "net.jforum.entities.PollOption"
              },
              {
                "className": "net.jforum.entities.PollVoter"
              },
              {
                "className": "net.jforum.entities.Post"
              },
              {
                "className": "net.jforum.entities.PostReport"
              },
              {
                "className": "net.jforum.entities.Ranking"
              },
              {
                "className": "net.jforum.entities.SearchParamsTest"
              },
              {
                "className": "net.jforum.entities.Session"
              },
              {
                "className": "net.jforum.entities.User"
              },
              {
                "className": "net.jforum.entities.util.Pagination"
              },
              {
                "className": "net.jforum.entities.util.SearchParams"
              },
              {
                "className": "net.jforum.entities.util.SearchResult"
              },
              {
                "className": "net.jforum.events.listeners.CategoryEventListener"
              },
              {
                "className": "net.jforum.events.listeners.ForumEventListener"
              },
              {
                "className": "net.jforum.events.listeners.PostEventListener"
              },
              {
                "className": "net.jforum.events.listeners.TopicEventListener"
              },
              {
                "className": "net.jforum.extensions.PostReportCounterOperation"
              },
              {
                "className": "net.jforum.extensions.PostReportCounterOperationTestCase"
              },
              {
                "className": "net.jforum.extensions.RequestOperation"
              },
              {
                "className": "net.jforum.extensions.RequestOperationChain"
              },
              {
                "className": "net.jforum.formatters.BBCode"
              },
              {
                "className": "net.jforum.formatters.BBCodeConfigParser"
              },
              {
                "className": "net.jforum.formatters.BBConfigFormatter"
              },
              {
                "className": "net.jforum.formatters.PostFormatters"
              },
              {
                "className": "net.jforum.formatters.PostOptions"
              },
              {
                "className": "net.jforum.formatters.SafeHtmlAttributesFormatter"
              },
              {
                "className": "net.jforum.formatters.SafeHtmlTagsFormatter"
              },
              {
                "className": "net.jforum.formatters.SmiliesFormatter"
              },
              {
                "className": "net.jforum.plugins.post.FourmLimitedTimeDAOTestCase"
              },
              {
                "className": "net.jforum.plugins.post.PostEditInterceptor"
              },
              {
                "className": "net.jforum.repository.BadWordRepository"
              },
              {
                "className": "net.jforum.repository.ConfigRepository"
              },
              {
                "className": "net.jforum.repository.PollRepository"
              },
              {
                "className": "net.jforum.repository.RecentTopicsRepository"
              },
              {
                "className": "net.jforum.repository.SessionRepository"
              },
              {
                "className": "net.jforum.security.AccessForumRule"
              },
              {
                "className": "net.jforum.security.AccessForumRuleTestCase"
              },
              {
                "className": "net.jforum.security.AdministrationRule"
              },
              {
                "className": "net.jforum.security.AdministrationRuleTestCase"
              },
              {
                "className": "net.jforum.security.AuthenticatedRule"
              },
              {
                "className": "net.jforum.security.AuthenticatedRuleTestCase"
              },
              {
                "className": "net.jforum.security.DownloadAttachmentRule"
              },
              {
                "className": "net.jforum.security.ModerationRuleTestCase"
              },
              {
                "className": "net.jforum.security.PrivateMessageOwnerRule"
              },
              {
                "className": "net.jforum.security.PrivateMessageOwnerRuleTestCase"
              },
              {
                "className": "net.jforum.security.ReplyTopicRuleTestCase"
              },
              {
                "className": "net.jforum.security.RoleManagerTestCase"
              },
              {
                "className": "net.jforum.security.TopicFilter"
              },
              {
                "className": "net.jforum.services.CategoryServiceTestCase"
              },
              {
                "className": "net.jforum.services.ForumServiceTestCase"
              },
              {
                "className": "net.jforum.services.GroupServiceTestCase"
              },
              {
                "className": "net.jforum.services.ModerationServiceTestCase"
              },
              {
                "className": "net.jforum.services.PostServiceTestCase"
              },
              {
                "className": "net.jforum.services.RSSService"
              },
              {
                "className": "net.jforum.services.RSSServiceTestCase"
              },
              {
                "className": "net.jforum.services.RankingServiceTestCase"
              },
              {
                "className": "net.jforum.services.SmilieService"
              },
              {
                "className": "net.jforum.services.SmilieServiceTestCase"
              },
              {
                "className": "net.jforum.services.TopicWatchService"
              },
              {
                "className": "net.jforum.services.TopicWatchServiceTestCase"
              },
              {
                "className": "net.jforum.services.UserServiceTestCase"
              },
              {
                "className": "net.jforum.sso.DefaultLoginAuthenticatorTestCase"
              },
              {
                "className": "net.jforum.sso.LoginAuthenticator"
              },
              {
                "className": "net.jforum.sso.RemoteUserSSO"
              },
              {
                "className": "net.jforum.sso.RemoteUserSSOTestCase"
              },
              {
                "className": "net.jforum.sso.SSO"
              },
              {
                "className": "net.jforum.sso.SSOUtils"
              },
              {
                "className": "net.jforum.util.CategoryOrderComparator"
              },
              {
                "className": "net.jforum.util.GroupInteractionFilter"
              },
              {
                "className": "net.jforum.util.I18nTestCase"
              },
              {
                "className": "net.jforum.util.ImageInfo"
              },
              {
                "className": "net.jforum.util.ImageUtils"
              },
              {
                "className": "net.jforum.util.SafeHtml"
              },
              {
                "className": "net.jforum.util.SafeHtmlTestCase"
              },
              {
                "className": "net.jforum.util.TestCaseUtils"
              },
              {
                "className": "net.jforum.util.UploadUtils"
              },
              {
                "className": "net.jforum.util.mail.ActivationKeySpammer"
              },
              {
                "className": "net.jforum.util.mail.EmailSenderTask"
              },
              {
                "className": "net.jforum.util.mail.IdentifiableMimeMessage"
              },
              {
                "className": "net.jforum.util.mail.LostPasswordSpammer"
              },
              {
                "className": "net.jforum.util.mail.LostPasswordSpammerTestCase"
              },
              {
                "className": "net.jforum.util.mail.Spammer"
              },
              {
                "className": "net.jforum.util.mail.SpammerTaskExecutor"
              },
              {
                "className": "net.jforum.util.mail.TopicReplySpammer"
              }
            ]
          }
        ]
      }
    },
    {
      "microservice": {
        "default": [
          {
            "service": [
              {
                "className": "net.jforum.core.events.post.TopicWatchPostEventTestCase"
              }
            ]
          }
        ]
      }
    },
    {
      "microservice": {
        "default": [
          {
            "service": [
              {
                "className": "net.jforum.actions.extensions.TopicWatchExtensionTestCase"
              }
            ]
          }
        ]
      }
    },
    {
      "microservice": {
        "default": [
          {
            "service": [
              {
                "className": "net.jforum.controllers.AdminTestCase"
              },
              {
                "className": "net.jforum.controllers.AvatarAdminController"
              },
              {
                "className": "net.jforum.controllers.AvatarAdminControllerTestCase"
              },
              {
                "className": "net.jforum.controllers.CategoryAdminController"
              },
              {
                "className": "net.jforum.controllers.CategoryAdminControllerTestCase"
              },
              {
                "className": "net.jforum.controllers.ForumAdminController"
              },
              {
                "className": "net.jforum.controllers.GroupAdminController"
              },
              {
                "className": "net.jforum.controllers.MessageController"
              },
              {
                "className": "net.jforum.controllers.RSSController"
              },
              {
                "className": "net.jforum.controllers.RankingAdminController"
              },
              {
                "className": "net.jforum.controllers.RankingAdminControllerTestCase"
              },
              {
                "className": "net.jforum.controllers.TopicControllerTestCase"
              },
              {
                "className": "net.jforum.core.events.topic.ForumTopicEvent"
              },
              {
                "className": "net.jforum.entities.TopicWatch"
              },
              {
                "className": "net.jforum.events.EmptyForumEvent"
              },
              {
                "className": "net.jforum.formatters.Formatter"
              },
              {
                "className": "net.jforum.formatters.HtmlEntitiesFormatter"
              },
              {
                "className": "net.jforum.plugins.post.ForumAdminExtension"
              },
              {
                "className": "net.jforum.plugins.post.ForumAdminTestCase"
              },
              {
                "className": "net.jforum.plugins.post.ForumLimitedTime"
              },
              {
                "className": "net.jforum.plugins.post.ForumLimitedTimeRepository"
              },
              {
                "className": "net.jforum.repository.RankingRepository"
              },
              {
                "className": "net.jforum.repository.SearchRepository"
              },
              {
                "className": "net.jforum.security.ReplyTopicRule"
              },
              {
                "className": "net.jforum.util.mail.MessageId"
              },
              {
                "className": "net.jforum.util.mail.TopicReplySpammerTestCase"
              }
            ]
          }
        ]
      }
    },
    {
      "microservice": {
        "default": [
          {
            "service": [
              {
                "className": "net.jforum.actions.helpers.ActionUtils"
              },
              {
                "className": "net.jforum.bbcode.TagBaseTest"
              },
              {
                "className": "net.jforum.controllers.ConfigController"
              },
              {
                "className": "net.jforum.controllers.ForumController"
              },
              {
                "className": "net.jforum.controllers.ForumControllerTestCase"
              },
              {
                "className": "net.jforum.controllers.ModerationController"
              },
              {
                "className": "net.jforum.controllers.PostController"
              },
              {
                "className": "net.jforum.controllers.PrivateMessageController"
              },
              {
                "className": "net.jforum.controllers.RecentTopicsController"
              },
              {
                "className": "net.jforum.controllers.TopicController"
              },
              {
                "className": "net.jforum.controllers.UserAdminController"
              },
              {
                "className": "net.jforum.controllers.UserAdminControllerTestCase"
              },
              {
                "className": "net.jforum.controllers.UserController"
              },
              {
                "className": "net.jforum.core.events.post.TopicPostEventTestCase"
              },
              {
                "className": "net.jforum.core.events.post.TopicWatchPostEvent"
              },
              {
                "className": "net.jforum.core.exceptions.AccessRuleException"
              },
              {
                "className": "net.jforum.core.exceptions.ForumException"
              },
              {
                "className": "net.jforum.core.exceptions.ValidationException"
              },
              {
                "className": "net.jforum.core.hibernate.AvatarDAOTestCase"
              },
              {
                "className": "net.jforum.entities.Category"
              },
              {
                "className": "net.jforum.entities.Forum"
              },
              {
                "className": "net.jforum.entities.ForumWatch"
              },
              {
                "className": "net.jforum.entities.Group"
              },
              {
                "className": "net.jforum.entities.PrivateMessage"
              },
              {
                "className": "net.jforum.entities.Role"
              },
              {
                "className": "net.jforum.entities.Smilie"
              },
              {
                "className": "net.jforum.entities.Topic"
              },
              {
                "className": "net.jforum.entities.UserSession"
              },
              {
                "className": "net.jforum.events.EmptyPostEvent"
              },
              {
                "className": "net.jforum.events.EmptyTopicEvent"
              },
              {
                "className": "net.jforum.repository.AttachmentRepository"
              },
              {
                "className": "net.jforum.repository.AvatarRepository"
              },
              {
                "className": "net.jforum.repository.CategoryRepository"
              },
              {
                "className": "net.jforum.repository.GroupRepository"
              },
              {
                "className": "net.jforum.repository.ModerationLogRepository"
              },
              {
                "className": "net.jforum.repository.PostRepository"
              },
              {
                "className": "net.jforum.repository.PrivateMessageRepository"
              },
              {
                "className": "net.jforum.repository.SmilieRepository"
              },
              {
                "className": "net.jforum.repository.TopicRepository"
              },
              {
                "className": "net.jforum.repository.TopicWatchRepository"
              },
              {
                "className": "net.jforum.repository.UserRepository"
              },
              {
                "className": "net.jforum.security.AccessRule"
              },
              {
                "className": "net.jforum.security.CreateNewTopicRule"
              },
              {
                "className": "net.jforum.security.RoleManager"
              },
              {
                "className": "net.jforum.services.AttachmentService"
              },
              {
                "className": "net.jforum.services.AvatarService"
              },
              {
                "className": "net.jforum.services.AvatarServiceTestCase"
              },
              {
                "className": "net.jforum.services.CategoryService"
              },
              {
                "className": "net.jforum.services.ConfigService"
              },
              {
                "className": "net.jforum.services.ForumService"
              },
              {
                "className": "net.jforum.services.GroupService"
              },
              {
                "className": "net.jforum.services.LostPasswordService"
              },
              {
                "className": "net.jforum.services.MessageFormatService"
              },
              {
                "className": "net.jforum.services.ModerationLogService"
              },
              {
                "className": "net.jforum.services.ModerationService"
              },
              {
                "className": "net.jforum.services.MostUsersEverOnlineService"
              },
              {
                "className": "net.jforum.services.PollServiceTestCase"
              },
              {
                "className": "net.jforum.services.PostService"
              },
              {
                "className": "net.jforum.services.PrivateMessageService"
              },
              {
                "className": "net.jforum.services.PrivateMessageServiceTestCase"
              },
              {
                "className": "net.jforum.services.RankingService"
              },
              {
                "className": "net.jforum.services.TopicService"
              },
              {
                "className": "net.jforum.services.TopicServiceTestCase"
              },
              {
                "className": "net.jforum.services.UserService"
              },
              {
                "className": "net.jforum.sso.DefaultLoginAuthenticator"
              },
              {
                "className": "net.jforum.util.GroupInteractionFilterTestCase"
              },
              {
                "className": "net.jforum.util.I18n"
              },
              {
                "className": "net.jforum.util.JDBCLoader"
              },
              {
                "className": "net.jforum.util.JForumConfig"
              },
              {
                "className": "net.jforum.util.MD5"
              },
              {
                "className": "net.jforum.util.URLBuilder"
              }
            ]
          }
        ]
      }
    },
    {
      "microservice": {
        "default": [
          {
            "service": [
              {
                "className": "net.jforum.util.mail.SpammerFactory"
              }
            ]
          }
        ]
      }
    },
    {
      "microservice": {
        "default": [
          {
            "service": [
              {
                "className": "net.jforum.bbcode.BBCodeConfigParserTestCase"
              }
            ]
          }
        ]
      }
    },
    {
      "microservice": {
        "default": [
          {
            "service": [
              {
                "className": "net.jforum.bbcode.SmiliesFormatterTestCase"
              },
              {
                "className": "net.jforum.security.ChangePostRule"
              },
              {
                "className": "net.jforum.security.ChangePostRuleTestCase"
              },
              {
                "className": "net.jforum.security.CreateNewTopicRuleTestCase"
              },
              {
                "className": "net.jforum.security.EditUserRuleTestCase"
              },
              {
                "className": "net.jforum.security.EmptyRule"
              },
              {
                "className": "net.jforum.security.ModerationRule"
              }
            ]
          }
        ]
      }
    },
    {
      "microservice": {
        "default": [
          {
            "service": [
              {
                "className": "net.jforum.bbcode.HtmlEntitiesFormatterTestCase"
              },
              {
                "className": "net.jforum.controllers.BadWordAdminController"
              },
              {
                "className": "net.jforum.repository.ThemeRepository"
              }
            ]
          }
        ]
      }
    },
    {
      "microservice": {
        "default": [
          {
            "service": [
              {
                "className": "net.jforum.bbcode.NewLineToHtmBreakFormatterTestCase"
              },
              {
                "className": "net.jforum.formatters.NewLineToHtmlBreakFormatter"
              }
            ]
          }
        ]
      }
    },
    {
      "microservice": {
        "default": [
          {
            "service": [
              {
                "className": "net.jforum.security.EditUserRule"
              },
              {
                "className": "net.jforum.security.PrivateMessageEnabledRule"
              }
            ]
          }
        ]
      }
    },
    {
      "microservice": {
        "default": [
          {
            "service": [
              {
                "className": "net.jforum.controllers.AdminControllerTestCase"
              }
            ]
          }
        ]
      }
    },
    {
      "microservice": {
        "default": [
          {
            "service": [
              {
                "className": "net.jforum.repository.BanlistRepository"
              },
              {
                "className": "net.jforum.repository.PostReportRepository"
              }
            ]
          }
        ]
      }
    },
    {
      "microservice": {
        "default": [
          {
            "service": [
              {
                "className": "net.jforum.controllers.BanlistAdminController"
              }
            ]
          }
        ]
      }
    },
    {
      "microservice": {
        "default": [
          {
            "service": [
              {
                "className": "net.jforum.controllers.SmilieAdminController"
              },
              {
                "className": "net.jforum.controllers.SmilieAdminControllerTestCase"
              }
            ]
          }
        ]
      }
    },
    {
      "microservice": {
        "default": [
          {
            "service": [
              {
                "className": "net.jforum.controllers.ForumAdminControllerTestCase"
              },
              {
                "className": "net.jforum.core.events.post.ForumPostEvent"
              },
              {
                "className": "net.jforum.core.events.post.ForumPostEventTestCase"
              },
              {
                "className": "net.jforum.core.events.post.TopicPostEvent"
              },
              {
                "className": "net.jforum.core.events.topic.ForumTopicEventTestCase"
              },
              {
                "className": "net.jforum.entities.AttachmentExtension"
              },
              {
                "className": "net.jforum.entities.ForumTestCase"
              },
              {
                "className": "net.jforum.entities.UserSessionTestCase"
              },
              {
                "className": "net.jforum.repository.ForumRepository"
              }
            ]
          }
        ]
      }
    },
    {
      "microservice": {
        "default": [
          {
            "service": [
              {
                "className": "net.jforum.security.PrivateMessageEnabledRuleTestCase"
              }
            ]
          }
        ]
      }
    },
    {
      "microservice": {
        "default": [
          {
            "service": [
              {
                "className": "net.jforum.entities.TopicTestCase"
              }
            ]
          }
        ]
      }
    },
    {
      "microservice": {
        "default": [
          {
            "service": [
              {
                "className": "net.jforum.events.EmptyCategoryEvent"
              }
            ]
          }
        ]
      }
    },
    {
      "microservice": {
        "default": [
          {
            "service": [
              {
                "className": "net.jforum.core.events.post.BadWordEventTestCase"
              },
              {
                "className": "net.jforum.core.hibernate.RankingDAOTestCase"
              }
            ]
          }
        ]
      }
    },
    {
      "microservice": {
        "default": [
          {
            "service": [
              {
                "className": "net.jforum.core.hibernate.SessionDAOTestCase"
              },
              {
                "className": "net.jforum.entities.Config"
              },
              {
                "className": "net.jforum.repository.RSSRepository"
              }
            ]
          }
        ]
      }
    },
    {
      "microservice": {
        "default": [
          {
            "service": [
              {
                "className": "net.jforum.core.hibernate.ConfigDAOTestCase"
              }
            ]
          }
        ]
      }
    },
    {
      "microservice": {
        "default": [
          {
            "service": [
              {
                "className": "net.jforum.core.support.hibernate.QueryCacheFactory"
              }
            ]
          }
        ]
      }
    },
    {
      "microservice": {
        "default": [
          {
            "service": [
              {
                "className": "net.jforum.services.PollService"
              }
            ]
          }
        ]
      }
    }
  ]
}