{
  "microservices": [
    {
      "microservice": {
        "default": [
          {
            "service": [
              {
                "className": "org.springframework.samples.petclinic.PetClinicApplication"
              },
              {
                "className": "org.springframework.samples.petclinic.model.ValidatorTests"
              },
              {
                "className": "org.springframework.samples.petclinic.system.CrashController"
              }
            ]
          }
        ]
      }
    },
    {
      "microservice": {
        "default": [
          {
            "service": [
              {
                "className": "org.springframework.samples.petclinic.PetClinicIntegrationTests"
              }
            ]
          }
        ]
      }
    },
    {
      "microservice": {
        "default": [
          {
            "service": [
              {
                "className": "org.springframework.samples.petclinic.PetClinicRuntimeHints"
              },
              {
                "className": "org.springframework.samples.petclinic.model.Person"
              },
              {
                "className": "org.springframework.samples.petclinic.service.ClinicServiceTests"
              },
              {
                "className": "org.springframework.samples.petclinic.system.CacheConfiguration"
              },
              {
                "className": "org.springframework.samples.petclinic.vet.Specialty"
              },
              {
                "className": "org.springframework.samples.petclinic.vet.Vet"
              },
              {
                "className": "org.springframework.samples.petclinic.vet.VetController"
              },
              {
                "className": "org.springframework.samples.petclinic.vet.VetControllerTests"
              },
              {
                "className": "org.springframework.samples.petclinic.vet.VetTests"
              },
              {
                "className": "org.springframework.samples.petclinic.vet.Vets"
              }
            ]
          }
        ]
      }
    },
    {
      "microservice": {
        "default": [
          {
            "service": [
              {
                "className": "org.springframework.samples.petclinic.model.BaseEntity"
              }
            ]
          }
        ]
      }
    },
    {
      "microservice": {
        "default": [
          {
            "service": [
              {
                "className": "org.springframework.samples.petclinic.model.NamedEntity"
              },
              {
                "className": "org.springframework.samples.petclinic.owner.PetTypeFormatter"
              }
            ]
          }
        ]
      }
    },
    {
      "microservice": {
        "default": [
          {
            "service": [
              {
                "className": "org.springframework.samples.petclinic.owner.Owner"
              },
              {
                "className": "org.springframework.samples.petclinic.owner.OwnerController"
              },
              {
                "className": "org.springframework.samples.petclinic.owner.OwnerControllerTests"
              },
              {
                "className": "org.springframework.samples.petclinic.owner.Visit"
              },
              {
                "className": "org.springframework.samples.petclinic.owner.VisitController"
              },
              {
                "className": "org.springframework.samples.petclinic.owner.VisitControllerTests"
              }
            ]
          }
        ]
      }
    },
    {
      "microservice": {
        "default": [
          {
            "service": [
              {
                "className": "org.springframework.samples.petclinic.owner.PetValidator"
              }
            ]
          }
        ]
      }
    },
    {
      "microservice": {
        "default": [
          {
            "service": [
              {
                "className": "org.springframework.samples.petclinic.owner.Pet"
              },
              {
                "className": "org.springframework.samples.petclinic.owner.PetController"
              },
              {
                "className": "org.springframework.samples.petclinic.owner.PetControllerTests"
              },
              {
                "className": "org.springframework.samples.petclinic.owner.PetType"
              },
              {
                "className": "org.springframework.samples.petclinic.owner.PetTypeFormatterTests"
              },
              {
                "className": "org.springframework.samples.petclinic.system.CrashControllerTests"
              }
            ]
          }
        ]
      }
    }
  ]
}