{
  "microservices": [
    {
      "microservice": {
        "default": [
          {
            "service": [
              {
                "className": "com.rafsan.inventory.HibernateUtil"
              },
              {
                "className": "com.rafsan.inventory.dao.PurchaseDao"
              },
              {
                "className": "com.rafsan.inventory.interfaces.SupplierInterface"
              }
            ]
          }
        ]
      }
    },
    {
      "microservice": {
        "default": [
          {
            "service": [
              {
                "className": "com.rafsan.inventory.MainApp"
              },
              {
                "className": "com.rafsan.inventory.controller.login.LoginController"
              },
              {
                "className": "com.rafsan.inventory.controller.pos.ConfirmController"
              },
              {
                "className": "com.rafsan.inventory.entity.Item"
              },
              {
                "className": "com.rafsan.inventory.entity.Payment"
              },
              {
                "className": "com.rafsan.inventory.pdf.PrintInvoice"
              }
            ]
          }
        ]
      }
    },
    {
      "microservice": {
        "default": [
          {
            "service": [
              {
                "className": "com.rafsan.inventory.controller.admin.AdminController"
              },
              {
                "className": "com.rafsan.inventory.controller.product.AddController"
              },
              {
                "className": "com.rafsan.inventory.controller.product.EditController"
              },
              {
                "className": "com.rafsan.inventory.controller.report.ReportController"
              },
              {
                "className": "com.rafsan.inventory.controller.report.ViewController"
              },
              {
                "className": "com.rafsan.inventory.interfaces.ReportInterface"
              }
            ]
          }
        ]
      }
    },
    {
      "microservice": {
        "default": [
          {
            "service": [
              {
                "className": "com.rafsan.inventory.controller.category.AddController"
              },
              {
                "className": "com.rafsan.inventory.controller.category.EditController"
              }
            ]
          }
        ]
      }
    },
    {
      "microservice": {
        "default": [
          {
            "service": [
              {
                "className": "com.rafsan.inventory.controller.category.CategoryController"
              },
              {
                "className": "com.rafsan.inventory.entity.Category"
              },
              {
                "className": "com.rafsan.inventory.interfaces.CategoryInterface"
              },
              {
                "className": "com.rafsan.inventory.model.CategoryModel"
              }
            ]
          }
        ]
      }
    },
    {
      "microservice": {
        "default": [
          {
            "service": [
              {
                "className": "com.rafsan.inventory.controller.employee.AddController"
              },
              {
                "className": "com.rafsan.inventory.controller.employee.EditController"
              },
              {
                "className": "com.rafsan.inventory.controller.employee.EmployeeController"
              },
              {
                "className": "com.rafsan.inventory.controller.supplier.AddController"
              },
              {
                "className": "com.rafsan.inventory.controller.supplier.EditController"
              },
              {
                "className": "com.rafsan.inventory.dao.EmployeeDao"
              },
              {
                "className": "com.rafsan.inventory.entity.Employee"
              },
              {
                "className": "com.rafsan.inventory.interfaces.EmployeeInterface"
              },
              {
                "className": "com.rafsan.inventory.model.EmployeeModel"
              },
              {
                "className": "com.rafsan.inventory.model.PurchaseModel"
              }
            ]
          }
        ]
      }
    },
    {
      "microservice": {
        "default": [
          {
            "service": [
              {
                "className": "com.rafsan.inventory.controller.pos.PosController"
              },
              {
                "className": "com.rafsan.inventory.dao.CategoryDao"
              }
            ]
          }
        ]
      }
    },
    {
      "microservice": {
        "default": [
          {
            "service": [
              {
                "className": "com.rafsan.inventory.controller.product.ProductController"
              },
              {
                "className": "com.rafsan.inventory.controller.sales.SalesController"
              },
              {
                "className": "com.rafsan.inventory.controller.supplier.SupplierController"
              },
              {
                "className": "com.rafsan.inventory.dao.ProductDao"
              },
              {
                "className": "com.rafsan.inventory.dao.SaleDao"
              },
              {
                "className": "com.rafsan.inventory.dao.SupplierDao"
              },
              {
                "className": "com.rafsan.inventory.entity.Sale"
              },
              {
                "className": "com.rafsan.inventory.entity.Supplier"
              },
              {
                "className": "com.rafsan.inventory.interfaces.SaleInterface"
              },
              {
                "className": "com.rafsan.inventory.model.ProductModel"
              },
              {
                "className": "com.rafsan.inventory.model.SalesModel"
              },
              {
                "className": "com.rafsan.inventory.model.SupplierModel"
              }
            ]
          }
        ]
      }
    },
    {
      "microservice": {
        "default": [
          {
            "service": [
              {
                "className": "com.rafsan.inventory.controller.pos.InvoiceController"
              },
              {
                "className": "com.rafsan.inventory.dao.InvoiceDao"
              },
              {
                "className": "com.rafsan.inventory.model.InvoiceModel"
              }
            ]
          }
        ]
      }
    },
    {
      "microservice": {
        "default": [
          {
            "service": [
              {
                "className": "com.rafsan.inventory.entity.Invoice"
              },
              {
                "className": "com.rafsan.inventory.entity.Purchase"
              }
            ]
          }
        ]
      }
    },
    {
      "microservice": {
        "default": [
          {
            "service": [
              {
                "className": "com.rafsan.inventory.entity.Product"
              },
              {
                "className": "com.rafsan.inventory.interfaces.ProductInterface"
              }
            ]
          }
        ]
      }
    },
    {
      "microservice": {
        "default": [
          {
            "service": [
              {
                "className": "com.rafsan.inventory.controller.purchase.AddController"
              },
              {
                "className": "com.rafsan.inventory.controller.purchase.PurchaseController"
              },
              {
                "className": "com.rafsan.inventory.interfaces.PurchaseInterface"
              }
            ]
          }
        ]
      }
    }
  ]
}